Date,sentiment_score,sentiment_label
2020-01-01,0.125625,Positive
2020-01-02,-0.05159999999999999,Negative
2020-01-03,0.005699999999999997,Neutral
2020-01-04,0.47240000000000004,Positive
2020-01-05,0.30123333333333335,Positive
2020-01-06,0.0,Neutral
2020-01-07,0.4404,Positive
2020-01-08,0.2537,Positive
2020-01-09,0.18550000000000005,Positive
2020-01-10,0.012220000000000003,Neutral
2020-01-11,0.27984,Positive
2020-01-12,-0.4767,Negative
2020-01-13,0.028800000000000003,Neutral
2020-01-14,-0.002719999999999967,Neutral
2020-01-15,0.05182500000000001,Positive
2020-01-16,0.466225,Positive
2020-01-17,0.12855999999999998,Positive
2020-01-18,0.0,Neutral
2020-01-19,0.0,Neutral
2020-01-20,-0.04117500000000002,Neutral
2020-01-21,0.05416000000000001,Positive
2020-01-22,0.15196,Positive
2020-01-23,0.18605625000000003,Positive
2020-01-24,0.20128749999999998,Positive
2020-01-25,0.3371454545454546,Positive
2020-01-26,0.20783333333333334,Positive
2020-01-27,0.22618,Positive
2020-01-28,0.025050000000000024,Neutral
2020-01-29,0.15977894736842108,Positive
2020-01-30,0.34906923076923074,Positive
2020-01-31,0.1908896551724138,Positive
2020-02-01,0.2585625,Positive
2020-02-02,0.4211714285714286,Positive
2020-02-03,0.0762,Positive
2020-02-04,0.22667500000000002,Positive
2020-02-05,0.15796666666666667,Positive
2020-02-06,0.37887499999999996,Positive
2020-02-07,0.41475000000000006,Positive
2020-02-08,0.21027500000000005,Positive
2020-02-09,0.19569999999999999,Positive
2020-02-10,0.16114999999999996,Positive
2020-02-11,0.45784,Positive
2020-02-12,-0.08336000000000002,Negative
2020-02-13,0.17102,Positive
2020-02-14,0.37939999999999996,Positive
2020-02-15,0.5035,Positive
2020-02-16,0.19441,Positive
2020-02-17,0.24687142857142857,Positive
2020-02-18,-0.12596000000000002,Negative
2020-02-19,-0.05103333333333334,Negative
2020-02-20,0.1796,Positive
2020-02-21,0.10355555555555555,Positive
2020-02-22,0.31570000000000004,Positive
2020-02-23,0.2594,Positive
2020-02-24,-0.28446666666666665,Negative
2020-02-25,-0.056575,Negative
2020-02-26,-0.142575,Negative
2020-02-27,0.0903,Positive
2020-02-28,0.3182,Positive
2020-02-29,-0.17527500000000001,Negative
2020-03-01,0.08963999999999998,Positive
2020-03-02,0.0,Neutral
2020-03-03,0.159225,Positive
2020-03-04,0.174475,Positive
2020-03-05,0.31245,Positive
2020-03-06,0.09855,Positive
2020-03-07,0.167625,Positive
2020-03-08,0.3797,Positive
2020-03-09,0.1101,Positive
2020-03-10,0.38239999999999996,Positive
2020-03-11,0.2798,Positive
2020-03-12,0.21560595238095243,Positive
2020-03-13,0.14815,Positive
2020-03-14,0.204475,Positive
2020-03-15,-0.1852,Negative
2020-03-16,0.1249590361445783,Positive
2020-03-17,0.15523076923076923,Positive
2020-03-18,0.2202,Positive
2020-03-19,-0.4588,Negative
2020-03-20,0.27460000000000007,Positive
2020-03-21,0.47403333333333336,Positive
2020-03-22,0.284925,Positive
2020-03-23,0.42955,Positive
2020-03-24,0.8218,Positive
2020-03-25,0.11307500000000001,Positive
2020-03-26,0.5078666666666667,Positive
2020-03-27,0.25383333333333336,Positive
2020-03-28,0.4646,Positive
2020-03-29,0.24651333333333328,Positive
2020-03-30,0.15105,Positive
2020-03-31,0.07150000000000001,Positive
2020-04-01,0.20879999999999999,Positive
2020-04-02,0.29087999999999997,Positive
2020-04-03,0.40425,Positive
2020-04-04,0.7845,Positive
2020-04-05,0.0716,Positive
2020-04-06,0.12726666666666667,Positive
2020-04-07,-0.1181,Negative
2020-04-08,0.1678,Positive
2020-04-09,0.29462,Positive
2020-04-10,0.17279999999999998,Positive
2020-04-11,0.07150000000000001,Positive
2020-04-12,0.38835,Positive
2020-04-13,0.059199999999999996,Positive
2020-04-14,-0.014975000000000002,Neutral
2020-04-15,0.0,Neutral
2020-04-16,-0.3352,Negative
2020-04-17,0.0,Neutral
2020-04-18,0.4012,Positive
2020-04-19,-0.04194999999999999,Neutral
2020-04-20,0.25148000000000004,Positive
2020-04-21,0.09852499999999999,Positive
2020-04-22,-0.153,Negative
2020-04-23,0.47740000000000005,Positive
2020-04-24,0.278,Positive
2020-04-25,0.012650000000000002,Neutral
2020-04-26,0.1318,Positive
2020-04-27,0.24766666666666667,Positive
2020-04-28,-0.32926666666666665,Negative
2020-04-29,0.41282500000000005,Positive
2020-04-30,0.10765000000000001,Positive
2020-05-01,0.25020000000000003,Positive
2020-05-02,0.14049999999999999,Positive
2020-05-03,-0.1071,Negative
2020-05-04,-0.079375,Negative
2020-05-05,-0.30493333333333333,Negative
2020-05-06,-0.05199999999999998,Negative
2020-05-07,0.06524999999999997,Positive
2020-05-08,0.23102499999999998,Positive
2020-05-09,0.11476666666666668,Positive
2020-05-10,0.302925,Positive
2020-05-11,0.37422500000000003,Positive
2020-05-12,0.1501333333333333,Positive
2020-05-13,0.174475,Positive
2020-05-14,0.11223333333333331,Positive
2020-05-15,0.032766666666666666,Neutral
2020-05-16,-0.09239999999999998,Negative
2020-05-17,0.075475,Positive
2020-05-18,0.12457499999999999,Positive
2020-05-19,0.20925,Positive
2020-05-20,-0.06077500000000001,Negative
2020-05-21,0.3558666666666667,Positive
2020-05-22,0.046166666666666654,Neutral
2020-05-23,-0.053275,Negative
2020-05-24,0.43662500000000004,Positive
2020-05-25,0.142225,Positive
2020-05-26,0.10822500000000004,Positive
2020-05-27,-0.156225,Negative
2020-05-28,0.30789999999999995,Positive
2020-05-29,0.13515,Positive
2020-05-30,0.07539999999999998,Positive
2020-05-31,0.7875,Positive
2020-06-01,-0.15089999999999998,Negative
2020-06-02,0.27165,Positive
2020-06-03,0.26202000000000003,Positive
2020-06-04,0.29295,Positive
2020-06-05,-0.2158,Negative
2020-06-06,0.1234,Positive
2020-06-07,0.3506,Positive
2020-06-08,0.42052500000000004,Positive
2020-06-09,0.20848,Positive
2020-06-10,0.1043,Positive
2020-06-11,0.23158000000000004,Positive
2020-06-12,-0.06017499999999998,Negative
2020-06-13,0.20980000000000001,Positive
2020-06-14,-0.14,Negative
2020-06-15,0.10334000000000002,Positive
2020-06-16,-0.0386,Neutral
2020-06-17,-0.09855,Negative
2020-06-18,-0.0928,Negative
2020-06-19,-0.1948,Negative
2020-06-20,-0.06443333333333333,Negative
2020-06-21,-0.032799999999999996,Neutral
2020-06-22,0.33555,Positive
2020-06-23,0.8726,Positive
2020-06-24,-0.07197499999999998,Negative
2020-06-25,-0.03294000000000001,Neutral
2020-06-26,0.09866666666666667,Positive
2020-06-27,0.2862333333333333,Positive
2020-06-28,0.29479999999999995,Positive
2020-06-29,0.12726666666666667,Positive
2020-06-30,0.06882500000000003,Positive
2020-07-01,-0.10345,Negative
2020-07-02,0.15407999999999997,Positive
2020-07-03,0.1866,Positive
2020-07-04,0.3536655172413793,Positive
2020-07-05,0.17308181818181817,Positive
2020-07-06,0.20558681318681313,Positive
2020-07-07,0.2812266666666667,Positive
2020-07-08,0.17965,Positive
2020-07-09,0.13925454545454546,Positive
2020-07-10,0.13274999999999998,Positive
2020-07-11,0.2202,Positive
2020-07-12,0.31432499999999997,Positive
2020-07-13,-0.05329999999999998,Negative
2020-07-14,0.317,Positive
2020-07-15,-0.28555,Negative
2020-07-16,0.53445,Positive
2020-07-17,0.34497500000000003,Positive
2020-07-18,-0.06653333333333332,Negative
2020-07-19,0.4706,Positive
2020-07-20,0.08834,Positive
2020-07-21,0.16604,Positive
2020-07-22,0.18083333333333332,Positive
2020-07-23,-0.3726,Negative
2020-07-24,-0.032,Neutral
2020-07-25,-0.047850000000000004,Neutral
2020-07-26,0.5267,Positive
2020-07-27,-0.22996000000000003,Negative
2020-07-28,0.24265,Positive
2020-07-29,0.09514999999999998,Positive
2020-07-30,-0.5360333333333333,Negative
2020-07-31,-0.036219999999999995,Neutral
2020-08-01,0.50515,Positive
2020-08-02,0.23704999999999998,Positive
2020-08-03,-0.12804000000000001,Negative
2020-08-04,0.13605,Positive
2020-08-05,-0.00686666666666665,Neutral
2020-08-06,-0.09628,Negative
2020-08-07,-0.13947500000000002,Negative
2020-08-08,0.20362,Positive
2020-08-09,0.24106,Positive
2020-08-10,-0.29373333333333335,Negative
2020-08-11,0.02560000000000001,Neutral
2020-08-12,0.36472499999999997,Positive
2020-08-13,-0.011539999999999995,Neutral
2020-08-14,0.17020000000000002,Positive
2020-08-15,-0.0020999999999999908,Neutral
2020-08-16,0.45953333333333335,Positive
2020-08-17,0.0852,Positive
2020-08-18,0.0924,Positive
2020-08-19,0.0432,Neutral
2020-08-20,0.4094,Positive
2020-08-21,0.518225,Positive
2020-08-22,0.10912500000000001,Positive
2020-08-23,0.38526666666666665,Positive
2020-08-24,0.20405,Positive
2020-08-25,0.300275,Positive
2020-08-26,0.613075,Positive
2020-08-27,0.47215,Positive
2020-08-28,0.7145,Positive
2020-08-30,0.26464,Positive
2020-08-31,0.6980500000000001,Positive
2020-09-01,-0.24546666666666664,Negative
2020-09-02,0.21807499999999996,Positive
2020-09-03,-0.2963,Negative
2020-09-04,0.5466500000000001,Positive
2020-09-05,0.11789999999999998,Positive
2020-09-06,0.27504,Positive
2020-09-07,0.2553,Positive
2020-09-08,0.53755,Positive
2020-09-09,0.042899999999999994,Neutral
2020-09-10,-0.2294,Negative
2020-09-11,0.32675,Positive
2020-09-12,0.45175,Positive
2020-09-13,-0.366425,Negative
2020-09-14,0.38915,Positive
2020-09-15,0.361475,Positive
2020-09-16,-0.028249999999999997,Neutral
2020-09-17,0.05423333333333332,Positive
2020-09-18,-0.140175,Negative
2020-09-19,0.300025,Positive
2020-09-20,-0.023219999999999998,Neutral
2020-09-21,-0.4939,Negative
2020-09-22,0.15735,Positive
2020-09-23,0.38239999999999996,Positive
2020-09-24,0.49305,Positive
2020-09-25,0.0547,Positive
2020-09-26,0.053800000000000014,Positive
2020-09-27,0.350375,Positive
2020-09-28,0.23897999999999997,Positive
2020-09-29,0.20429999999999998,Positive
2020-09-30,0.6605666666666666,Positive
2020-10-01,0.34202499999999997,Positive
2020-10-02,0.03655,Neutral
2020-10-03,0.5890000000000001,Positive
2020-10-04,0.2083,Positive
2020-10-05,0.6710333333333334,Positive
2020-10-06,0.31214000000000003,Positive
2020-10-07,0.548625,Positive
2020-10-08,-0.0602,Negative
2020-10-09,0.3528,Positive
2020-10-10,0.26778,Positive
2020-10-11,-0.078325,Negative
2020-10-12,-0.12455000000000001,Negative
2020-10-13,0.0,Neutral
2020-10-14,-0.18583333333333332,Negative
2020-10-15,0.26562,Positive
2020-10-16,0.552925,Positive
2020-10-17,-0.43435,Negative
2020-10-18,-0.24006666666666665,Negative
2020-10-19,0.28912499999999997,Positive
2020-10-20,0.2709333333333333,Positive
2020-10-21,-0.1806,Negative
2020-10-22,0.24855,Positive
2020-10-23,0.09223333333333335,Positive
2020-10-24,-0.17470000000000002,Negative
2020-10-25,0.3745,Positive
2020-10-26,0.37076666666666663,Positive
2020-10-27,0.34052499999999997,Positive
2020-10-28,0.09230000000000001,Positive
2020-10-29,-0.01159999999999998,Neutral
2020-10-30,0.074,Positive
2020-10-31,0.4652800000000001,Positive
2020-11-01,-0.0588,Negative
2020-11-02,0.26094,Positive
2020-11-03,0.436975,Positive
2020-11-04,0.4902666666666667,Positive
2020-11-05,0.0517,Positive
2020-11-06,0.155275,Positive
2020-11-07,0.08430000000000001,Positive
2020-11-08,0.13021818181818184,Positive
2020-11-09,0.09555063291139242,Positive
2020-11-10,0.18537590361445788,Positive
2020-11-11,0.16289718309859158,Positive
2020-11-12,0.21778,Positive
2020-11-13,0.3637,Positive
2020-11-14,0.8151999999999999,Positive
2020-11-15,-0.30619999999999997,Negative
2020-11-16,0.135575,Positive
2020-11-17,-0.313325,Negative
2020-11-18,-0.24695,Negative
2020-11-19,0.169425,Positive
2020-11-20,-0.21230000000000004,Negative
2020-11-21,0.4521,Positive
2020-11-22,-0.1573,Negative
2020-11-23,-0.21965,Negative
2020-11-24,-0.1953,Negative
2020-11-25,0.121225,Positive
2020-11-26,0.48005,Positive
2020-11-27,0.4807333333333334,Positive
2020-11-28,-0.47130000000000005,Negative
2020-11-29,0.0,Neutral
2020-11-30,0.4404,Positive
2020-12-01,0.36413333333333336,Positive
2020-12-02,0.16995000000000005,Positive
2020-12-03,0.1027,Positive
2020-12-04,0.7506,Positive
2020-12-05,0.12765,Positive
2020-12-06,0.122725,Positive
2020-12-07,0.08895,Positive
2020-12-08,0.13115999999999997,Positive
2020-12-09,0.03916000000000001,Neutral
2020-12-10,0.03479999999999998,Neutral
2020-12-11,0.2898,Positive
2020-12-12,0.21743333333333334,Positive
2020-12-13,-0.02499000000000001,Neutral
2020-12-14,0.2260541666666667,Positive
2020-12-15,0.18959876543209875,Positive
2020-12-16,0.06645,Positive
2020-12-17,0.2264,Positive
2020-12-18,0.48606000000000005,Positive
2020-12-19,0.5037,Positive
2020-12-20,0.0,Neutral
2020-12-21,-0.3819,Negative
2020-12-22,0.3218333333333333,Positive
2020-12-23,-0.267675,Negative
2020-12-24,-0.37493333333333334,Negative
2020-12-25,0.3871,Positive
2020-12-26,0.6178,Positive
2020-12-27,-0.128,Negative
2020-12-28,0.2369,Positive
2020-12-29,0.21075,Positive
2020-12-30,0.10175000000000001,Positive
2020-12-31,-0.2466,Negative
2021-01-01,0.5994,Positive
2021-01-02,-0.113125,Negative
2021-01-03,-0.033175,Neutral
2021-01-04,0.202,Positive
2021-01-05,0.3126,Positive
2021-01-06,-0.115625,Negative
2021-01-07,0.7062666666666667,Positive
2021-01-08,0.5248999999999999,Positive
2021-01-09,0.21347500000000003,Positive
2021-01-10,0.3145,Positive
2021-01-11,-0.6178333333333333,Negative
2021-01-12,0.32472,Positive
2021-01-13,0.22147499999999998,Positive
2021-01-14,0.142975,Positive
2021-01-15,-0.10592499999999999,Negative
2021-01-16,0.512375,Positive
2021-01-17,-0.14213333333333336,Negative
2021-01-18,0.3133800000000001,Positive
2021-01-19,0.6739999999999999,Positive
2021-01-20,0.42669999999999997,Positive
2021-01-21,0.33043333333333336,Positive
2021-01-22,0.48279999999999995,Positive
2021-01-23,0.25933333333333336,Positive
2021-01-24,-0.1909,Negative
2021-01-25,0.19479285714285716,Positive
2021-01-26,0.10271428571428574,Positive
2021-01-27,0.12570312500000003,Positive
2021-01-28,-0.26733333333333337,Negative
2021-01-29,0.7184,Positive
2021-01-30,0.01544,Neutral
2021-01-31,0.13216,Positive
2021-02-01,0.28831999999999997,Positive
2021-02-02,-0.1816333333333333,Negative
2021-02-03,-0.45909999999999995,Negative
2021-02-04,0.18255,Positive
2021-02-05,0.60755,Positive
2021-02-06,0.12040000000000001,Positive
2021-02-07,0.469325,Positive
2021-02-08,0.03259999999999999,Neutral
2021-02-09,-0.07465000000000001,Negative
2021-02-10,0.31126666666666664,Positive
2021-02-11,0.22081999999999996,Positive
2021-02-12,0.67764,Positive
2021-02-13,0.10115,Positive
2021-02-14,0.17300000000000001,Positive
2021-02-15,0.33724,Positive
2021-02-16,0.5667,Positive
2021-02-17,0.014100000000000001,Neutral
2021-02-18,0.43766,Positive
2021-02-19,0.6809,Positive
2021-02-20,0.7314333333333334,Positive
2021-02-21,0.032174999999999995,Neutral
2021-02-22,0.249225,Positive
2021-02-23,0.29505,Positive
2021-02-24,0.2911,Positive
2021-02-25,0.4632,Positive
2021-02-26,0.20495,Positive
2021-02-27,-0.16353333333333334,Negative
2021-02-28,0.020340000000000004,Neutral
2021-03-01,0.31246,Positive
2021-03-02,0.26735,Positive
2021-03-03,0.27125,Positive
2021-03-04,0.12765,Positive
2021-03-05,0.3673,Positive
2021-03-06,0.32453333333333334,Positive
2021-03-07,0.3415,Positive
2021-03-08,0.06536,Positive
2021-03-09,0.47425,Positive
2021-03-10,0.06990000000000002,Positive
2021-03-11,0.296,Positive
2021-03-12,0.247475,Positive
2021-03-13,0.064,Positive
2021-03-14,0.46686000000000005,Positive
2021-03-15,0.17642,Positive
2021-03-16,0.00565,Neutral
2021-03-17,0.16978,Positive
2021-03-18,0.12764000000000003,Positive
2021-03-19,0.2202,Positive
2021-03-20,0.6137,Positive
2021-03-21,0.5268666666666667,Positive
2021-03-22,0.6236200000000001,Positive
2021-03-23,0.16999999999999998,Positive
2021-03-24,0.1406,Positive
2021-03-25,0.2151666666666667,Positive
2021-03-26,0.3838333333333333,Positive
2021-03-27,0.2916666666666667,Positive
2021-03-28,0.015350000000000003,Neutral
2021-03-29,-0.08481999999999999,Negative
2021-03-30,0.46525000000000005,Positive
2021-03-31,0.21015,Positive
2021-04-01,0.6607000000000001,Positive
2021-04-02,0.490675,Positive
2021-04-03,0.31194,Positive
2021-04-04,0.14475000000000002,Positive
2021-04-05,0.3062,Positive
2021-04-06,0.17569999999999997,Positive
2021-04-07,0.203025,Positive
2021-04-08,-0.21230000000000002,Negative
2021-04-09,0.16215999999999997,Positive
2021-04-10,0.31845,Positive
2021-04-11,0.37534,Positive
2021-04-12,0.0,Neutral
2021-04-13,0.4514,Positive
2021-04-14,0.3655,Positive
2021-04-15,0.0,Neutral
2021-04-16,0.08213333333333332,Positive
2021-04-17,0.0,Neutral
2021-04-18,0.18252500000000002,Positive
2021-04-19,0.00855999999999999,Neutral
2021-04-20,0.1909,Positive
2021-04-21,0.10022,Positive
2021-04-22,0.39968000000000004,Positive
2021-04-23,-0.18239999999999998,Negative
2021-04-24,0.24688,Positive
2021-04-25,0.50232,Positive
2021-04-26,0.035449999999999995,Neutral
2021-04-27,0.14613333333333334,Positive
2021-04-28,0.18672413793103448,Positive
2021-04-29,0.12018333333333334,Positive
2021-04-30,0.21991999999999998,Positive
2021-05-01,0.3627,Positive
2021-05-02,0.038037499999999995,Neutral
2021-05-03,-0.34273999999999993,Negative
2021-05-04,0.0727,Positive
2021-05-05,0.06532500000000001,Positive
2021-05-06,0.07871470588235298,Positive
2021-05-07,0.21848333333333333,Positive
2021-05-08,0.08390952380952382,Positive
2021-05-09,0.5959333333333333,Positive
2021-05-11,0.47669999999999996,Positive
2021-05-12,0.10460000000000001,Positive
2021-05-13,0.18672857142857144,Positive
2021-05-14,0.26461999999999997,Positive
2021-05-15,0.20182083333333337,Positive
2021-05-16,0.30118,Positive
2021-05-17,0.16825522388059702,Positive
2021-05-18,-0.26993999999999996,Negative
2021-05-19,0.49615,Positive
2021-05-20,0.13085194805194808,Positive
2021-05-21,0.22330392156862747,Positive
2021-05-22,0.19468000000000002,Positive
2021-05-23,0.34990000000000004,Positive
2021-05-24,-0.345675,Negative
2021-05-25,0.07955,Positive
2021-05-26,0.3194666666666667,Positive
2021-05-27,0.1525,Positive
2021-05-28,0.3930666666666667,Positive
2021-05-29,0.02100000000000002,Neutral
2021-05-30,0.0,Neutral
2021-05-31,0.20479999999999998,Positive
2021-06-01,0.28315999999999997,Positive
2021-06-02,0.5758,Positive
2021-06-03,0.49787500000000007,Positive
2021-06-04,0.128575,Positive
2021-06-05,0.042899999999999994,Neutral
2021-06-06,0.38425,Positive
2021-06-07,0.27854999999999996,Positive
2021-06-08,0.670325,Positive
2021-06-09,-0.25433333333333336,Negative
2021-06-10,0.284975,Positive
2021-06-11,0.2611291666666667,Positive
2021-06-12,0.14853333333333332,Positive
2021-06-13,0.308575,Positive
2021-06-14,-0.08639999999999999,Negative
2021-06-15,0.5497200000000001,Positive
2021-06-16,0.27959999999999996,Positive
2021-06-17,0.04766666666666667,Neutral
2021-06-18,0.8223499999999999,Positive
2021-06-19,0.37422500000000003,Positive
2021-06-20,0.045249999999999985,Neutral
2021-06-21,0.28558,Positive
2021-06-22,0.07272,Positive
2021-06-23,0.5167499999999999,Positive
2021-06-24,-0.10826666666666666,Negative
2021-06-25,0.3908,Positive
2021-06-26,-0.11330000000000001,Negative
2021-06-27,0.673725,Positive
2021-06-28,0.11337499999999999,Positive
2021-06-29,0.01054999999999999,Neutral
2021-06-30,-0.10786666666666667,Negative
2021-07-01,0.10266666666666668,Positive
2021-07-02,0.412425,Positive
2021-07-03,0.26493333333333335,Positive
2021-07-04,0.4971,Positive
2021-07-05,0.41913999999999996,Positive
2021-07-06,0.08177499999999999,Positive
2021-07-07,0.3363333333333333,Positive
2021-07-08,0.33655999999999997,Positive
2021-07-09,0.22733333333333336,Positive
2021-07-10,0.37539999999999996,Positive
2021-07-11,0.47662000000000004,Positive
2021-07-12,0.417775,Positive
2021-07-13,0.2777,Positive
2021-07-14,0.29846666666666666,Positive
2021-07-15,0.35664999999999997,Positive
2021-07-16,0.298975,Positive
2021-07-17,0.10107500000000001,Positive
2021-07-18,0.509825,Positive
2021-07-19,0.3599333333333334,Positive
2021-07-20,0.1909,Positive
2021-07-21,0.477375,Positive
2021-07-22,0.06365000000000001,Positive
2021-07-23,0.08449999999999998,Positive
2021-07-24,0.10115,Positive
2021-07-25,0.7263,Positive
2021-07-26,0.4516,Positive
2021-07-27,0.5492999999999999,Positive
2021-07-28,0.36528,Positive
2021-07-29,0.3096555555555555,Positive
2021-07-30,0.22328,Positive
2021-07-31,0.2014,Positive
2021-08-01,0.11475000000000002,Positive
2021-08-02,0.35436666666666666,Positive
2021-08-03,0.17370000000000002,Positive
2021-08-04,0.4509,Positive
2021-08-05,0.30953333333333327,Positive
2021-08-06,0.24669999999999997,Positive
2021-08-07,0.270975,Positive
2021-08-08,0.32086000000000003,Positive
2021-08-09,0.17556666666666665,Positive
2021-08-10,-0.025566666666666665,Neutral
2021-08-11,0.5264249999999999,Positive
2021-08-12,0.16999999999999998,Positive
2021-08-13,0.727175,Positive
2021-08-14,0.06743333333333333,Positive
2021-08-15,0.2969,Positive
2021-08-16,0.36714,Positive
2021-08-17,0.349825,Positive
2021-08-18,0.6963,Positive
2021-08-19,0.33332,Positive
2021-08-20,0.1468,Positive
2021-08-21,0.7632,Positive
2021-08-22,0.22893000000000002,Positive
2021-08-23,0.07497500000000004,Positive
2021-08-24,-0.148,Negative
2021-08-25,-0.19322499999999998,Negative
2021-08-26,0.13990000000000002,Positive
2021-08-27,0.12629999999999997,Positive
2021-08-28,-0.2098,Negative
2021-08-29,0.303225,Positive
2021-08-30,0.41536666666666666,Positive
2021-08-31,0.7596499999999999,Positive
2021-09-01,-0.022266666666666674,Neutral
2021-09-02,0.2556217391304348,Positive
2021-09-03,0.14049999999999999,Positive
2021-09-04,0.2677846153846154,Positive
2021-09-05,0.41049655172413796,Positive
2021-09-06,0.445,Positive
2021-09-07,0.056849999999999984,Positive
2021-09-08,0.2812,Positive
2021-09-09,-0.019250000000000003,Neutral
2021-09-10,0.08061249999999998,Positive
2021-09-11,0.230875,Positive
2021-09-12,0.16695,Positive
2021-09-13,0.20458624999999997,Positive
2021-09-14,-0.4914,Negative
2021-09-15,0.17265,Positive
2021-09-16,0.18725999999999995,Positive
2021-09-17,0.3818,Positive
2021-09-18,0.38208461538461536,Positive
2021-09-19,0.286909375,Positive
2021-09-20,0.5654,Positive
2021-09-21,-0.04217499999999999,Neutral
2021-09-22,-0.19935000000000003,Negative
2021-09-23,-0.13405,Negative
2021-09-24,-0.1366,Negative
2021-09-25,0.3356333333333333,Positive
2021-09-26,0.29417499999999996,Positive
2021-09-27,-0.19997499999999999,Negative
2021-09-28,0.44601999999999997,Positive
2021-09-29,-0.1665,Negative
2021-09-30,0.01855000000000001,Neutral
2021-10-01,0.3390333333333333,Positive
2021-10-02,0.30544,Positive
2021-10-03,0.47935000000000005,Positive
2021-10-04,0.15483333333333332,Positive
2021-10-05,-0.0027400000000000037,Neutral
2021-10-06,0.31303333333333333,Positive
2021-10-07,0.46345000000000003,Positive
2021-10-08,0.15145000000000003,Positive
2021-10-09,0.40939999999999993,Positive
2021-10-10,-0.019540000000000012,Neutral
2021-10-11,0.026866666666666667,Neutral
2021-10-12,0.40149999999999997,Positive
2021-10-13,0.16250666666666666,Positive
2021-10-14,0.4205,Positive
2021-10-15,-0.014100000000000001,Neutral
2021-10-16,0.1468,Positive
2021-10-17,0.11895,Positive
2021-10-18,0.15586666666666665,Positive
2021-10-19,0.15853333333333333,Positive
2021-10-20,-0.0032500000000000306,Neutral
2021-10-21,0.494625,Positive
2021-10-22,0.1673,Positive
2021-10-23,0.5191,Positive
2021-10-24,0.16712499999999997,Positive
2021-10-25,0.2808333333333333,Positive
2021-10-26,0.16972,Positive
2021-10-27,-0.07890000000000001,Negative
2021-10-28,0.21911999999999998,Positive
2021-10-29,0.4939,Positive
2021-10-30,0.5834333333333334,Positive
2021-10-31,0.12726666666666667,Positive
2021-11-01,0.26234545454545455,Positive
2021-11-02,0.21075,Positive
2021-11-03,0.47782500000000006,Positive
2021-11-04,0.1027,Positive
2021-11-05,0.3125,Positive
2021-11-06,0.102575,Positive
2021-11-07,-0.139925,Negative
2021-11-08,0.07206,Positive
2021-11-09,0.42615,Positive
2021-11-10,0.296,Positive
2021-11-11,0.249525,Positive
2021-11-12,0.190575,Positive
2021-11-13,0.147,Positive
2021-11-14,0.17067500000000002,Positive
2021-11-15,0.3028333333333333,Positive
2021-11-16,0.21345999999999998,Positive
2021-11-17,0.3102,Positive
2021-11-18,-0.09106666666666667,Negative
2021-11-19,0.009124999999999994,Neutral
2021-11-20,0.04137499999999998,Neutral
2021-11-21,0.08333333333333333,Positive
2021-11-22,0.389775,Positive
2021-11-23,0.7192666666666666,Positive
2021-11-24,0.409175,Positive
2021-11-25,0.71645,Positive
2021-11-26,0.07145,Positive
2021-11-27,0.05431999999999999,Positive
2021-11-28,-0.15934,Negative
2021-11-29,0.21996,Positive
2021-11-30,-0.0972,Negative
2021-12-01,0.24776666666666666,Positive
2021-12-02,0.0,Neutral
2021-12-03,-0.018799999999999997,Neutral
2021-12-04,0.5111,Positive
2021-12-05,0.5928666666666667,Positive
2021-12-06,-0.08633333333333336,Negative
2021-12-07,-0.09215999999999996,Negative
2021-12-08,0.19318,Positive
2021-12-09,0.2283666666666667,Positive
2021-12-10,0.36305,Positive
2021-12-11,0.5609999999999999,Positive
2021-12-12,0.3818,Positive
2021-12-13,0.31135999999999997,Positive
2021-12-14,-0.20022,Negative
2021-12-15,0.26365,Positive
2021-12-16,-0.27065,Negative
2021-12-17,0.21059999999999998,Positive
2021-12-18,0.5668666666666667,Positive
2021-12-19,0.08936666666666665,Positive
2021-12-20,0.21394000000000002,Positive
2021-12-21,0.32236666666666663,Positive
2021-12-22,-0.11333333333333333,Negative
2021-12-23,0.32202000000000003,Positive
2021-12-24,-0.05429999999999999,Negative
2021-12-25,0.2027,Positive
2021-12-26,0.29505,Positive
2021-12-27,0.7096,Positive
2021-12-28,0.377525,Positive
2021-12-29,0.39193999999999996,Positive
2021-12-30,0.3655,Positive
2021-12-31,0.34922499999999995,Positive
2022-01-01,-0.11333333333333334,Negative
2022-01-02,-0.175775,Negative
2022-01-03,0.34916,Positive
2022-01-04,-0.03359999999999999,Neutral
2022-01-05,0.347,Positive
2022-01-06,0.09102500000000001,Positive
2022-01-07,0.203025,Positive
2022-01-08,0.253375,Positive
2022-01-09,-0.24001999999999998,Negative
2022-01-10,-0.17020000000000002,Negative
2022-01-11,0.7126,Positive
2022-01-12,0.3173,Positive
2022-01-13,0.130125,Positive
2022-01-14,0.15846666666666664,Positive
2022-01-15,-0.34,Negative
2022-01-16,0.25453333333333333,Positive
2022-01-17,0.465625,Positive
2022-01-18,0.034025000000000014,Neutral
2022-01-19,-0.03679999999999998,Neutral
2022-01-20,0.184825,Positive
2022-01-21,-0.105575,Negative
2022-01-22,0.6089,Positive
2022-01-23,-0.015524999999999997,Neutral
2022-01-24,0.257775,Positive
2022-01-26,0.0,Neutral
2022-01-27,0.3406666666666666,Positive
2022-01-28,-0.06653333333333332,Negative
2022-01-29,0.25453333333333333,Positive
2022-01-30,0.3818,Positive
2022-01-31,0.37418000000000007,Positive
2022-02-01,0.4242,Positive
2022-02-02,0.91,Positive
2022-02-03,0.3884,Positive
2022-02-04,0.04892499999999999,Neutral
2022-02-05,0.2739,Positive
2022-02-06,0.14626249999999996,Positive
2022-02-07,0.2725264705882353,Positive
2022-02-08,0.08646666666666666,Positive
2022-02-09,0.20591081081081083,Positive
2022-02-10,0.21173750000000002,Positive
2022-02-11,0.28336666666666666,Positive
2022-02-12,0.3818,Positive
2022-02-13,-0.093975,Negative
2022-02-14,0.184125,Positive
2022-02-15,0.286675,Positive
2022-02-16,0.11237999999999997,Positive
2022-02-17,0.20786666666666673,Positive
2022-02-18,-0.106975,Negative
2022-02-19,0.5359333333333333,Positive
2022-02-20,0.3041666666666667,Positive
2022-02-21,-0.009375000000000008,Neutral
2022-02-22,0.0924,Positive
2022-02-23,-0.022266666666666674,Neutral
2022-02-24,0.1506666666666667,Positive
2022-02-25,0.140835,Positive
2022-02-26,0.09663999999999999,Positive
2022-02-27,0.0,Neutral
2022-02-28,0.0504,Positive
2022-03-01,-0.039580000000000004,Neutral
2022-03-02,0.053525,Positive
2022-03-03,0.162875,Positive
2022-03-04,-0.17,Negative
2022-03-05,0.3818,Positive
2022-03-06,0.0,Neutral
2022-03-07,0.3818,Positive
2022-03-08,-0.054799999999999995,Negative
2022-03-09,-0.059199999999999996,Negative
2022-03-10,-0.46330000000000005,Negative
2022-03-11,0.00996666666666668,Neutral
2022-03-12,-0.1366,Negative
2022-03-13,-0.0683,Negative
2022-03-14,0.30598000000000003,Positive
2022-03-15,-0.33113333333333334,Negative
2022-03-16,0.354175,Positive
2022-03-17,0.3885,Positive
2022-03-18,0.31434615384615383,Positive
2022-03-19,0.28536,Positive
2022-03-20,0.22920000000000001,Positive
2022-03-21,0.2612333333333333,Positive
2022-03-22,0.15035,Positive
2022-03-23,0.4094,Positive
2022-03-24,0.385,Positive
2022-03-25,0.37293333333333334,Positive
2022-03-26,0.2411,Positive
2022-03-27,0.0,Neutral
2022-03-28,-0.10357999999999998,Negative
2022-03-29,0.12726666666666667,Positive
2022-03-30,0.16923333333333335,Positive
2022-03-31,-0.022420000000000006,Neutral
2022-04-01,0.7464,Positive
2022-04-02,0.78555,Positive
2022-04-03,0.3818,Positive
2022-04-04,0.5610999999999999,Positive
2022-04-05,0.17264,Positive
2022-04-06,-0.1531,Negative
2022-04-07,0.28625,Positive
2022-04-08,-0.105375,Negative
2022-04-09,0.32406666666666667,Positive
2022-04-10,-0.055499999999999994,Negative
2022-04-11,0.2681,Positive
2022-04-12,0.13254999999999997,Positive
2022-04-13,0.16003333333333333,Positive
2022-04-14,0.23399999999999999,Positive
2022-04-15,0.3722,Positive
2022-04-16,0.4221,Positive
2022-04-17,0.6413333333333333,Positive
2022-04-18,0.32666666666666666,Positive
2022-04-19,0.14675,Positive
2022-04-20,0.3213333333333333,Positive
2022-04-21,0.14694000000000002,Positive
2022-04-22,-0.061280000000000015,Negative
2022-04-23,0.36083333333333334,Positive
2022-04-24,0.149625,Positive
2022-04-25,0.3818,Positive
2022-04-26,0.4588,Positive
2022-04-27,0.26455,Positive
2022-04-28,0.15262499999999998,Positive
2022-04-29,-0.08895,Negative
2022-04-30,0.28403999999999996,Positive
2022-05-01,0.08426666666666666,Positive
2022-05-02,0.41483333333333333,Positive
2022-05-03,-0.0593,Negative
2022-05-04,0.4511,Positive
2022-05-05,0.17898,Positive
2022-05-06,0.19297499999999998,Positive
2022-05-07,0.3818,Positive
2022-05-08,0.12040000000000001,Positive
2022-05-09,0.07140000000000002,Positive
2022-05-10,0.082025,Positive
2022-05-11,-0.13195,Negative
2022-05-12,0.41386,Positive
2022-05-13,0.25453333333333333,Positive
2022-05-14,0.30544,Positive
2022-05-15,0.20324,Positive
2022-05-16,0.36829999999999996,Positive
2022-05-17,0.2712,Positive
2022-05-18,0.14893333333333333,Positive
2022-05-19,0.10533333333333333,Positive
2022-05-20,0.06666000000000001,Positive
2022-05-21,0.18575,Positive
2022-05-22,0.4741666666666666,Positive
2022-05-23,0.28118,Positive
2022-05-24,0.15272,Positive
2022-05-25,0.06977499999999999,Positive
2022-05-26,0.14366666666666664,Positive
2022-05-27,0.03572499999999999,Neutral
2022-05-28,0.08619999999999998,Positive
2022-05-29,0.31646666666666673,Positive
2022-05-30,0.004175000000000012,Neutral
2022-05-31,0.029166666666666674,Neutral
2022-06-01,0.36572499999999997,Positive
2022-06-02,0.39296111111111115,Positive
2022-06-03,0.539725,Positive
2022-06-04,0.23909999999999998,Positive
2022-06-05,0.180975,Positive
2022-06-06,-0.15150000000000002,Negative
2022-06-07,0.263525,Positive
2022-06-08,-0.0876,Negative
2022-06-09,0.6378,Positive
2022-06-10,0.3751666666666667,Positive
2022-06-11,0.4139,Positive
2022-06-12,-0.1998,Negative
2022-06-13,0.42335,Positive
2022-06-14,0.4422749999999999,Positive
2022-06-15,0.343975,Positive
2022-06-16,0.004260000000000019,Neutral
2022-06-17,0.6562,Positive
2022-06-18,0.18575,Positive
2022-06-19,0.24664999999999998,Positive
2022-06-20,-0.05832,Negative
2022-06-21,0.01472,Neutral
2022-06-22,0.4111,Positive
2022-06-23,0.205175,Positive
2022-06-24,0.03822500000000001,Neutral
2022-06-25,0.33852499999999996,Positive
2022-06-26,0.25453333333333333,Positive
2022-06-27,-0.014280000000000004,Neutral
2022-06-28,0.270775,Positive
2022-06-29,-0.01783333333333333,Neutral
2022-06-30,0.34309999999999996,Positive
2022-07-01,0.09612499999999999,Positive
2022-07-02,0.11888000000000001,Positive
2022-07-03,0.5475333333333333,Positive
2022-07-04,-0.049475000000000005,Neutral
2022-07-05,0.06169999999999999,Positive
2022-07-06,0.3368,Positive
2022-07-07,0.128,Positive
2022-07-08,0.43746666666666667,Positive
2022-07-09,0.0,Neutral
2022-07-10,0.08946666666666665,Positive
2022-07-11,0.1806,Positive
2022-07-12,0.01959999999999998,Neutral
2022-07-13,-0.17107999999999998,Negative
2022-07-14,0.029239999999999995,Neutral
2022-07-15,0.3647333333333333,Positive
2022-07-16,0.4343333333333333,Positive
2022-07-17,-0.3367,Negative
2022-07-18,0.36044,Positive
2022-07-19,0.3766,Positive
2022-07-20,0.1909,Positive
2022-07-21,0.0,Neutral
2022-07-22,0.10364999999999998,Positive
2022-07-23,0.25453333333333333,Positive
2022-07-24,0.004175000000000012,Neutral
2022-07-25,-0.0623,Negative
2022-07-26,0.15293333333333334,Positive
2022-07-27,0.2553,Positive
2022-07-28,0.3818,Positive
2022-07-29,0.08257500000000001,Positive
2022-07-30,0.4516,Positive
2022-07-31,0.033466666666666665,Neutral
2022-08-01,0.2919,Positive
2022-08-02,0.559475,Positive
2022-08-03,0.4326749999999999,Positive
2022-08-04,0.197475,Positive
2022-08-05,0.3818,Positive
2022-08-06,0.37681999999999993,Positive
2022-08-07,0.41536666666666666,Positive
2022-08-08,0.616325,Positive
2022-08-09,0.01206666666666667,Neutral
2022-08-10,0.369425,Positive
2022-08-11,0.164925,Positive
2022-08-12,0.227,Positive
2022-08-13,0.29695,Positive
2022-08-14,0.09973333333333333,Positive
2022-08-15,0.5792666666666667,Positive
2022-08-16,0.011720000000000008,Neutral
2022-08-17,-0.06412499999999999,Negative
2022-08-18,0.410375,Positive
2022-08-19,-0.03923999999999998,Neutral
2022-08-20,0.33265,Positive
2022-08-21,-0.07100000000000001,Negative
2022-08-22,-0.079,Negative
2022-08-23,-0.05996666666666667,Negative
2022-08-24,-0.231325,Negative
2022-08-25,0.050575,Positive
2022-08-26,0.3509,Positive
2022-08-27,0.024599999999999997,Neutral
2022-08-28,0.33055,Positive
2022-08-29,0.06743333333333333,Positive
2022-08-30,0.2808,Positive
2022-08-31,-0.042499999999999996,Neutral
2022-09-01,0.05202499999999999,Positive
2022-09-02,0.3715,Positive
2022-09-03,0.6060749999999999,Positive
2022-09-04,0.4903,Positive
2022-09-05,-0.03465000000000001,Neutral
2022-09-06,0.24546666666666664,Positive
2022-09-07,0.2023,Positive
2022-09-08,0.164025,Positive
2022-09-09,0.24014999999999997,Positive
2022-09-10,0.45525,Positive
2022-09-11,0.2717333333333333,Positive
2022-09-12,0.4867666666666666,Positive
2022-09-13,0.30232000000000003,Positive
2022-09-14,-0.25802499999999995,Negative
2022-09-15,0.3950333333333333,Positive
2022-09-16,0.23265,Positive
2022-09-17,0.450325,Positive
2022-09-18,-0.11186666666666667,Negative
2022-09-19,0.401925,Positive
2022-09-20,-0.25627500000000003,Negative
2022-09-21,0.511,Positive
2022-09-22,-0.1828,Negative
2022-09-23,0.11795,Positive
2022-09-24,0.34895,Positive
2022-09-25,0.46016666666666667,Positive
2022-09-26,0.23280000000000003,Positive
2022-09-27,0.049025,Neutral
2022-09-28,0.2808,Positive
2022-09-29,0.18418,Positive
2022-09-30,0.3871,Positive
2022-10-01,-0.057974999999999985,Negative
2022-10-02,0.39942500000000003,Positive
2022-10-03,0.6249,Positive
2022-10-04,0.19990000000000002,Positive
2022-10-05,0.50335,Positive
2022-10-06,0.13954999999999998,Positive
2022-10-07,0.2549,Positive
2022-10-08,0.043800000000000006,Neutral
2022-10-09,0.4757,Positive
2022-10-10,-0.23653333333333335,Negative
2022-10-11,-0.1268,Negative
2022-10-12,-0.25387499999999996,Negative
2022-10-13,0.31636666666666663,Positive
2022-10-14,0.23017500000000002,Positive
2022-10-15,-0.007999999999999998,Neutral
2022-10-16,0.2668333333333333,Positive
2022-10-17,0.51758,Positive
2022-10-18,-0.056575,Negative
2022-10-19,-0.08554999999999999,Negative
2022-10-20,0.3219666666666667,Positive
2022-10-21,0.173825,Positive
2022-10-22,0.09492,Positive
2022-10-23,0.4774333333333334,Positive
2022-10-24,0.007074999999999998,Neutral
2022-10-25,0.304225,Positive
2022-10-26,-0.20200000000000004,Negative
2022-10-27,0.7070000000000001,Positive
2022-10-28,0.27573333333333333,Positive
2022-10-29,0.22820000000000001,Positive
2022-10-30,0.5978333333333333,Positive
2022-10-31,0.12895,Positive
2022-11-01,0.10115,Positive
2022-11-02,0.40095000000000003,Positive
2022-11-03,0.4022,Positive
2022-11-04,-0.2602333333333333,Negative
2022-11-05,0.510175,Positive
2022-11-06,0.24546666666666664,Positive
2022-11-07,0.5106,Positive
2022-11-08,0.08808,Positive
2022-11-09,0.17686666666666664,Positive
2022-11-10,0.2733,Positive
2022-11-11,0.6372,Positive
2022-11-12,-0.027120000000000012,Neutral
2022-11-13,0.21965,Positive
2022-11-14,0.6249,Positive
2022-11-15,0.1945,Positive
2022-11-16,0.21356666666666668,Positive
2022-11-17,0.09436,Positive
2022-11-18,0.10346666666666667,Positive
2022-11-19,0.1585,Positive
2022-11-20,0.12040000000000001,Positive
2022-11-21,0.234325,Positive
2022-11-22,0.06743333333333333,Positive
2022-11-23,-0.079,Negative
2022-11-24,0.2679333333333333,Positive
2022-11-25,-0.123675,Negative
2022-11-26,0.03340000000000001,Neutral
2022-11-27,0.289775,Positive
2022-11-28,0.184125,Positive
2022-11-29,0.47662499999999997,Positive
2022-11-30,0.18575,Positive
2022-12-01,0.5497749999999999,Positive
2022-12-02,0.36297999999999997,Positive
2022-12-03,0.40097499999999997,Positive
2022-12-04,0.06413333333333336,Positive
2022-12-05,0.2204,Positive
2022-12-06,0.12335000000000002,Positive
2022-12-07,0.26639999999999997,Positive
2022-12-08,0.2083,Positive
2022-12-09,0.34416,Positive
2022-12-10,0.05165,Positive
2022-12-11,0.46280000000000004,Positive
2022-12-12,0.65785,Positive
2022-12-13,0.050850000000000006,Positive
2022-12-14,0.56938,Positive
2022-12-15,0.33352499999999996,Positive
2022-12-16,0.32285,Positive
2022-12-17,-0.197175,Negative
2022-12-18,0.25880000000000003,Positive
2022-12-19,0.24695000000000003,Positive
2022-12-20,0.5564333333333332,Positive
2022-12-21,0.2763333333333333,Positive
2022-12-22,0.20095,Positive
2022-12-23,0.48155,Positive
2022-12-24,0.045425000000000014,Neutral
2022-12-25,0.408925,Positive
2022-12-26,-0.14952499999999996,Negative
2022-12-27,0.23807500000000004,Positive
2022-12-28,0.468175,Positive
2022-12-29,0.59465,Positive
2022-12-30,0.23095999999999997,Positive
