Date,sentiment,PriceDiff,PriceDiff_1,PriceDiff_2,PriceDiff_3,PriceDiff_4,PriceDiff_5,PriceDiff_6,PriceDiff_7,PriceDiff predicted GBM,PriceDiff predicted MLP
2016-01-14,0.2,-0.5461635589599609,0.4867515563964844,-0.5873012542724609,0.3267860412597656,0.358774185180664,0.1165485382080078,-0.9712142944335938,-0.4593315124511719,-0.4295001864043467,-0.3061852853767675
2016-01-15,0.75,-0.1074047088623046,-0.5461635589599609,0.4867515563964844,-0.5873012542724609,0.3267860412597656,0.358774185180664,0.1165485382080078,-0.9712142944335938,-0.13428721860411966,0.08116741658287308
2016-01-19,0.5,0.0297069549560546,-0.1074047088623046,-0.5461635589599609,0.4867515563964844,-0.5873012542724609,0.3267860412597656,0.358774185180664,0.1165485382080078,0.05498903604103886,-0.11318416424987773
2016-01-20,0.8,-0.1119766235351562,0.0297069549560546,-0.1074047088623046,-0.5461635589599609,0.4867515563964844,-0.5873012542724609,0.3267860412597656,0.358774185180664,-0.061946641171323084,-0.05466084959612125
2016-01-21,0.2,1.170026779174805,-0.1119766235351562,0.0297069549560546,-0.1074047088623046,-0.5461635589599609,0.4867515563964844,-0.5873012542724609,0.3267860412597656,1.0516643430122439,-0.17422178301346278
2016-01-22,0.0,-0.4524669647216797,1.170026779174805,-0.1119766235351562,0.0297069549560546,-0.1074047088623046,-0.5461635589599609,0.4867515563964844,-0.5873012542724609,-0.4275455278246651,-0.004999595047841948
2016-01-25,0.6,0.1256847381591797,-0.4524669647216797,1.170026779174805,-0.1119766235351562,0.0297069549560546,-0.1074047088623046,-0.5461635589599609,0.4867515563964844,0.048633404762819056,0.1477085471487939
2016-01-26,-0.1111111111111111,-1.5013809204101562,0.1256847381591797,-0.4524669647216797,1.170026779174805,-0.1119766235351562,0.0297069549560546,-0.1074047088623046,-0.5461635589599609,-1.4207078160232338,-0.32009783313071605
2016-01-27,0.0,0.1530990600585937,-1.5013809204101562,0.1256847381591797,-0.4524669647216797,1.170026779174805,-0.1119766235351562,0.0297069549560546,-0.1074047088623046,0.07508147622054356,-0.07537491522280074
2016-01-28,-0.2,0.7426986694335938,0.1530990600585937,-1.5013809204101562,0.1256847381591797,-0.4524669647216797,1.170026779174805,-0.1119766235351562,0.0297069549560546,0.699071480887508,-0.3334904971895397
2016-01-29,0.2,-0.207956314086914,0.7426986694335938,0.1530990600585937,-1.5013809204101562,0.1256847381591797,-0.4524669647216797,1.170026779174805,-0.1119766235351562,-0.1435514744345784,-0.14079985009013665
2016-02-01,0.8,-0.4456081390380859,-0.207956314086914,0.7426986694335938,0.1530990600585937,-1.5013809204101562,0.1256847381591797,-0.4524669647216797,1.170026779174805,-0.3775687636838372,-0.23065260912614213
2016-02-02,0.1111111111111111,0.4273281097412109,-0.4456081390380859,-0.207956314086914,0.7426986694335938,0.1530990600585937,-1.5013809204101562,0.1256847381591797,-0.4524669647216797,0.36644761952037974,-0.003801947120979754
2016-02-03,0.8,0.1769161224365234,0.4273281097412109,-0.4456081390380859,-0.207956314086914,0.7426986694335938,0.1530990600585937,-1.5013809204101562,0.1256847381591797,0.15956701058025188,0.12076765716943798
2016-02-04,0.5555555555555556,-0.5927829742431641,0.1769161224365234,0.4273281097412109,-0.4456081390380859,-0.207956314086914,0.7426986694335938,0.1530990600585937,-1.5013809204101562,-0.5235288197467275,-0.08065387968700441
2016-02-05,-0.4,0.2274646759033203,-0.5927829742431641,0.1769161224365234,0.4273281097412109,-0.4456081390380859,-0.207956314086914,0.7426986694335938,0.1530990600585937,0.18711123057399595,0.1568579797962633
2016-02-08,0.8,-0.0045948028564453,0.2274646759033203,-0.5927829742431641,0.1769161224365234,0.4273281097412109,-0.4456081390380859,-0.207956314086914,0.7426986694335938,0.021547057130081464,0.006432964572112759
2016-02-09,0.6666666666666666,-0.1654300689697265,-0.0045948028564453,0.2274646759033203,-0.5927829742431641,0.1769161224365234,0.4273281097412109,-0.4456081390380859,-0.207956314086914,-0.07724709327007373,0.179902936472926
2016-02-10,0.6666666666666666,-0.1309623718261718,-0.1654300689697265,-0.0045948028564453,0.2274646759033203,-0.5927829742431641,0.1769161224365234,0.4273281097412109,-0.4456081390380859,-0.12029174627464208,0.0520495980306096
2016-02-11,0.1428571428571428,0.0666332244873046,-0.1309623718261718,-0.1654300689697265,-0.0045948028564453,0.2274646759033203,-0.5927829742431641,0.1769161224365234,0.4273281097412109,-0.041952756557568596,0.016140823438453966
2016-02-12,-0.25,0.6088695526123047,0.0666332244873046,-0.1309623718261718,-0.1654300689697265,-0.0045948028564453,0.2274646759033203,-0.5927829742431641,0.1769161224365234,0.4546454049006871,-0.02064422453799941
2016-02-16,0.5,0.3400440216064453,0.6088695526123047,0.0666332244873046,-0.1309623718261718,-0.1654300689697265,-0.0045948028564453,0.2274646759033203,-0.5927829742431641,0.2334938918220063,-0.04531974559426097
2016-02-17,0.5,-0.4273586273193359,0.3400440216064453,0.6088695526123047,0.0666332244873046,-0.1309623718261718,-0.1654300689697265,-0.0045948028564453,0.2274646759033203,-0.20870594025471761,-0.004079750590828296
2016-02-18,-0.5,-0.0505447387695312,-0.4273586273193359,0.3400440216064453,0.6088695526123047,0.0666332244873046,-0.1309623718261718,-0.1654300689697265,-0.0045948028564453,-0.0353779034282624,-0.030039510628224936
2016-02-19,-0.5,0.1929950714111328,-0.0505447387695312,-0.4273586273193359,0.3400440216064453,0.6088695526123047,0.0666332244873046,-0.1309623718261718,-0.1654300689697265,0.1394320710071424,-0.025856187407558323
2016-02-22,1.0,-0.5031757354736328,0.1929950714111328,-0.0505447387695312,-0.4273586273193359,0.3400440216064453,0.6088695526123047,0.0666332244873046,-0.1309623718261718,-0.44705054360622654,0.040957606458847856
2016-02-23,1.0,0.3239612579345703,-0.5031757354736328,0.1929950714111328,-0.0505447387695312,-0.4273586273193359,0.3400440216064453,0.6088695526123047,0.0666332244873046,0.26607148183412443,0.06403900990744871
2016-02-24,1.0,0.1516437530517578,0.3239612579345703,-0.5031757354736328,0.1929950714111328,-0.0505447387695312,-0.4273586273193359,0.3400440216064453,0.6088695526123047,0.045605203598934475,0.004189327763403555
2016-02-25,-0.5,0.034463882446289,0.1516437530517578,0.3239612579345703,-0.5031757354736328,0.1929950714111328,-0.0505447387695312,-0.4273586273193359,0.3400440216064453,0.05647677203738478,0.2893201024941865
2016-02-26,0.3333333333333333,-0.0505504608154296,0.034463882446289,0.1516437530517578,0.3239612579345703,-0.5031757354736328,0.1929950714111328,-0.0505447387695312,-0.4273586273193359,-0.009731151628394524,-0.11822869256862342
2016-02-29,0.3333333333333333,0.8822879791259766,-0.0505504608154296,0.034463882446289,0.1516437530517578,0.3239612579345703,-0.5031757354736328,0.1929950714111328,-0.0505447387695312,0.7792459601367356,0.0911245948179367
2016-03-01,0.3333333333333333,0.050546646118164,0.8822879791259766,-0.0505504608154296,0.034463882446289,0.1516437530517578,0.3239612579345703,-0.5031757354736328,0.1929950714111328,0.019125818358683985,-0.15066695912080777
2016-03-02,1.0,0.1723194122314453,0.050546646118164,0.8822879791259766,-0.0505504608154296,0.034463882446289,0.1516437530517578,0.3239612579345703,-0.5031757354736328,0.16121675427365267,-0.10904150296625012
2016-03-03,1.0,0.3469448089599609,0.1723194122314453,0.050546646118164,0.8822879791259766,-0.0505504608154296,0.034463882446289,0.1516437530517578,0.3239612579345703,0.2665833869940453,-0.2814204995816938
2016-03-04,0.0,-0.261932373046875,0.3469448089599609,0.1723194122314453,0.050546646118164,0.8822879791259766,-0.0505504608154296,0.034463882446289,0.1516437530517578,-0.14228531867876396,0.049552307111565164
2016-03-07,1.0,-0.1929969787597656,-0.261932373046875,0.3469448089599609,0.1723194122314453,0.050546646118164,0.8822879791259766,-0.0505504608154296,0.034463882446289,-0.14168987863973498,-0.15451725196790553
2016-03-08,0.3333333333333333,0.0206794738769531,-0.1929969787597656,-0.261932373046875,0.3469448089599609,0.1723194122314453,0.050546646118164,0.8822879791259766,-0.0505504608154296,0.01777183308581546,0.11573280631984426
2016-03-09,1.0,0.0114860534667968,0.0206794738769531,-0.1929969787597656,-0.261932373046875,0.3469448089599609,0.1723194122314453,0.050546646118164,0.8822879791259766,0.061721690000423574,0.08675004126760899
2016-03-10,0.3333333333333333,0.2504444122314453,0.0114860534667968,0.0206794738769531,-0.1929969787597656,-0.261932373046875,0.3469448089599609,0.1723194122314453,0.050546646118164,0.1729902359937558,0.018521548232151963
2016-03-11,1.0,0.059732437133789,0.2504444122314453,0.0114860534667968,0.0206794738769531,-0.1929969787597656,-0.261932373046875,0.3469448089599609,0.1723194122314453,-0.09090599557614888,-0.012869617932730587
2016-03-14,0.5,0.4733161926269531,0.059732437133789,0.2504444122314453,0.0114860534667968,0.0206794738769531,-0.1929969787597656,-0.261932373046875,0.3469448089599609,0.21342032207399073,0.06998772150210036
2016-03-15,1.0,0.3193607330322265,0.4733161926269531,0.059732437133789,0.2504444122314453,0.0114860534667968,0.0206794738769531,-0.1929969787597656,-0.261932373046875,0.15321202061254008,-0.15754473254772824
2016-03-16,1.0,-0.0390529632568359,0.3193607330322265,0.4733161926269531,0.059732437133789,0.2504444122314453,0.0114860534667968,0.0206794738769531,-0.1929969787597656,-0.015037504661864123,-0.05592682238611604
2016-03-17,1.0,0.0275630950927734,-0.0390529632568359,0.3193607330322265,0.4733161926269531,0.059732437133789,0.2504444122314453,0.0114860534667968,0.0206794738769531,0.08024234879203075,-0.18707604301442907
2016-03-18,0.7777777777777778,-0.0022869110107421,0.0275630950927734,-0.0390529632568359,0.3193607330322265,0.4733161926269531,0.059732437133789,0.2504444122314453,0.0114860534667968,-0.01809238601951271,-0.043143551362349736
2016-03-21,1.0,0.1860980987548828,-0.0022869110107421,0.0275630950927734,-0.0390529632568359,0.3193607330322265,0.4733161926269531,0.059732437133789,0.2504444122314453,0.1636050430740358,0.013585642446989843
2016-03-22,0.3333333333333333,-0.1355552673339843,0.1860980987548828,-0.0022869110107421,0.0275630950927734,-0.0390529632568359,0.3193607330322265,0.4733161926269531,0.059732437133789,-0.08725583489416022,-0.061859157425723704
2016-03-23,1.0,-0.1056938171386718,-0.1355552673339843,0.1860980987548828,-0.0022869110107421,0.0275630950927734,-0.0390529632568359,0.3193607330322265,0.4733161926269531,0.024519450980202338,-0.020942703076749863
2016-03-24,0.5,-0.1102790832519531,-0.1056938171386718,-0.1355552673339843,0.1860980987548828,-0.0022869110107421,0.0275630950927734,-0.0390529632568359,0.3193607330322265,-0.027392978505742203,-0.013392931275099329
2016-03-28,0.0,0.5721035003662109,-0.1102790832519531,-0.1056938171386718,-0.1355552673339843,0.1860980987548828,-0.0022869110107421,0.0275630950927734,-0.0390529632568359,0.4165105003126116,0.13605223341574885
2016-03-29,0.3333333333333333,0.43194580078125,0.5721035003662109,-0.1102790832519531,-0.1056938171386718,-0.1355552673339843,0.1860980987548828,-0.0022869110107421,0.0275630950927734,0.309066898323604,-0.06754167197551406
2016-03-30,0.3333333333333333,-0.1309623718261718,0.43194580078125,0.5721035003662109,-0.1102790832519531,-0.1056938171386718,-0.1355552673339843,0.1860980987548828,-0.0022869110107421,-0.03508584909167828,0.0031558094019917826
2016-03-31,0.0,0.2297630310058593,-0.1309623718261718,0.43194580078125,0.5721035003662109,-0.1102790832519531,-0.1056938171386718,-0.1355552673339843,0.1860980987548828,0.12442245624967006,-0.11964041471709694
2016-04-01,1.0,0.2596302032470703,0.2297630310058593,-0.1309623718261718,0.43194580078125,0.5721035003662109,-0.1102790832519531,-0.1056938171386718,-0.1355552673339843,0.1380309861060462,-0.044717210217626285
2016-04-04,1.0,-0.3009853363037109,0.2596302032470703,0.2297630310058593,-0.1309623718261718,0.43194580078125,0.5721035003662109,-0.1102790832519531,-0.1056938171386718,-0.23180061693004375,0.008995569776735407
2016-04-05,-0.3333333333333333,0.2642269134521484,-0.3009853363037109,0.2596302032470703,0.2297630310058593,-0.1309623718261718,0.43194580078125,0.5721035003662109,-0.1102790832519531,0.2346761766530699,0.007729693170006602
2016-04-06,1.0,-0.5560207366943359,0.2642269134521484,-0.3009853363037109,0.2596302032470703,0.2297630310058593,-0.1309623718261718,0.43194580078125,0.5721035003662109,-0.35150717910997537,-0.07128403228288835
2016-04-07,1.0,0.0275611877441406,-0.5560207366943359,0.2642269134521484,-0.3009853363037109,0.2596302032470703,0.2297630310058593,-0.1309623718261718,0.43194580078125,0.049811755817405025,0.12087659148080118
2016-04-08,-1.0,0.0827178955078125,0.0275611877441406,-0.5560207366943359,0.2642269134521484,-0.3009853363037109,0.2596302032470703,0.2297630310058593,-0.1309623718261718,0.14065864092258254,-0.03532161965177613
2016-04-11,-0.3333333333333333,0.3262672424316406,0.0827178955078125,0.0275611877441406,-0.5560207366943359,0.2642269134521484,-0.3009853363037109,0.2596302032470703,0.2297630310058593,0.25963931219716313,0.11835484863618939
2016-04-12,0.3333333333333333,0.3676090240478515,0.3262672424316406,0.0827178955078125,0.0275611877441406,-0.5560207366943359,0.2642269134521484,-0.3009853363037109,0.2596302032470703,0.31199591990052455,-0.2054924751997179
2016-04-13,1.0,0.0137901306152343,0.3676090240478515,0.3262672424316406,0.0827178955078125,0.0275611877441406,-0.5560207366943359,0.2642269134521484,-0.3009853363037109,0.024811856209264425,-0.07592964199712723
2016-04-14,0.2,-0.5169620513916016,0.0137901306152343,0.3676090240478515,0.3262672424316406,0.0827178955078125,0.0275611877441406,-0.5560207366943359,0.2642269134521484,-0.3621021910896573,-0.1395094944605377
2016-04-15,1.0,-0.5445346832275391,-0.5169620513916016,0.0137901306152343,0.3676090240478515,0.3262672424316406,0.0827178955078125,0.0275611877441406,-0.5560207366943359,-0.44309710415390624,0.0739134971642719
2016-04-18,1.0,-0.1309680938720703,-0.5445346832275391,-0.5169620513916016,0.0137901306152343,0.3676090240478515,0.3262672424316406,0.0827178955078125,0.0275611877441406,-0.1401121405197409,0.051710553523025365
2016-04-19,1.0,0.0505485534667968,-0.1309680938720703,-0.5445346832275391,-0.5169620513916016,0.0137901306152343,0.3676090240478515,0.3262672424316406,0.0827178955078125,0.06533327115423457,0.0716521059184021
2016-04-20,0.5555555555555556,-0.2665233612060547,0.0505485534667968,-0.1309680938720703,-0.5445346832275391,-0.5169620513916016,0.0137901306152343,0.3676090240478515,0.3262672424316406,-0.1135491403387712,0.1029302354121136
2016-04-21,0.75,-0.0666275024414062,-0.2665233612060547,0.0505485534667968,-0.1309680938720703,-0.5445346832275391,-0.5169620513916016,0.0137901306152343,0.3676090240478515,-0.07993341494659606,0.03982040036395448
2016-04-22,1.0,-0.137857437133789,-0.0666275024414062,-0.2665233612060547,0.0505485534667968,-0.1309680938720703,-0.5445346832275391,-0.5169620513916016,0.0137901306152343,-0.08870636087114238,0.06668264473796195
2016-04-25,1.0,-0.1677303314208984,-0.137857437133789,-0.0666275024414062,-0.2665233612060547,0.0505485534667968,-0.1309680938720703,-0.5445346832275391,-0.5169620513916016,-0.11604792595698514,0.0993657505290242
2016-04-26,1.0,-1.5003395080566406,-0.1677303314208984,-0.137857437133789,-0.0666275024414062,-0.2665233612060547,0.0505485534667968,-0.1309680938720703,-0.5445346832275391,-1.3371331705865424,0.09911324527160174
2016-04-27,-0.3333333333333333,-0.6869907379150391,-1.5003395080566406,-0.1677303314208984,-0.137857437133789,-0.0666275024414062,-0.2665233612060547,0.0505485534667968,-0.1309680938720703,-0.5692803961784949,-0.012912968187349022
2016-04-28,0.3333333333333333,-0.2504386901855469,-0.6869907379150391,-1.5003395080566406,-0.1677303314208984,-0.137857437133789,-0.0666275024414062,-0.2665233612060547,0.0505485534667968,-0.15837846820976392,-0.01778577339942153
2016-04-29,1.0,-0.0229759216308593,-0.2504386901855469,-0.6869907379150391,-1.5003395080566406,-0.1677303314208984,-0.137857437133789,-0.0666275024414062,-0.2665233612060547,0.03443533593730094,-0.11510315720263106
2016-05-02,1.0,0.3538398742675781,-0.0229759216308593,-0.2504386901855469,-0.6869907379150391,-1.5003395080566406,-0.1677303314208984,-0.137857437133789,-0.0666275024414062,0.23002582887626113,0.10119432180594808
2016-05-03,1.0,-0.2274684906005859,0.3538398742675781,-0.0229759216308593,-0.2504386901855469,-0.6869907379150391,-1.5003395080566406,-0.1677303314208984,-0.137857437133789,-0.12799810644760962,-0.11523133119282028
2016-05-04,0.3333333333333333,-0.087839126586914,-0.2274684906005859,0.3538398742675781,-0.0229759216308593,-0.2504386901855469,-0.6869907379150391,-1.5003395080566406,-0.1677303314208984,-0.10846907809023293,0.002872578872116338
2016-05-05,1.0,-0.1202049255371093,-0.087839126586914,-0.2274684906005859,0.3538398742675781,-0.0229759216308593,-0.2504386901855469,-0.6869907379150391,-1.5003395080566406,-0.1338299851572022,0.0070270652132240485
2016-05-06,1.0,0.0161800384521484,-0.1202049255371093,-0.087839126586914,-0.2274684906005859,0.3538398742675781,-0.0229759216308593,-0.2504386901855469,-0.6869907379150391,0.001711549476780258,0.07848293144705548
2016-05-09,0.3333333333333333,0.1456356048583984,0.0161800384521484,-0.1202049255371093,-0.087839126586914,-0.2274684906005859,0.3538398742675781,-0.0229759216308593,-0.2504386901855469,0.11954014066709993,-0.015989718223330368
2016-05-10,0.3333333333333333,-0.2103519439697265,0.1456356048583984,0.0161800384521484,-0.1202049255371093,-0.087839126586914,-0.2274684906005859,0.3538398742675781,-0.0229759216308593,-0.12359870938755728,0.0862895333094778
2016-05-11,-0.3333333333333333,-0.5016269683837891,-0.2103519439697265,0.1456356048583984,0.0161800384521484,-0.1202049255371093,-0.087839126586914,-0.2274684906005859,0.3538398742675781,-0.2847287811896123,0.055942756660563114
2016-05-12,0.3333333333333333,0.0416107177734375,-0.5016269683837891,-0.2103519439697265,0.1456356048583984,0.0161800384521484,-0.1202049255371093,-0.087839126586914,-0.2274684906005859,-0.003219316168559744,0.1317429522883469
2016-05-13,1.0,0.7767009735107422,0.0416107177734375,-0.5016269683837891,-0.2103519439697265,0.1456356048583984,0.0161800384521484,-0.1202049255371093,-0.087839126586914,0.4425903131549343,0.0617489532869023
2016-05-16,1.0,-0.0901603698730468,0.7767009735107422,0.0416107177734375,-0.5016269683837891,-0.2103519439697265,0.1456356048583984,0.0161800384521484,-0.1202049255371093,-0.004304955338965323,0.007137432519374959
2016-05-17,0.5,0.2473468780517578,-0.0901603698730468,0.7767009735107422,0.0416107177734375,-0.5016269683837891,-0.2103519439697265,0.1456356048583984,0.0161800384521484,0.12678054295191543,0.0775057764791344
2016-05-18,0.5,-0.0832157135009765,0.2473468780517578,-0.0901603698730468,0.7767009735107422,0.0416107177734375,-0.5016269683837891,-0.2103519439697265,0.1456356048583984,-0.042354059242042386,-0.1531694612936322
2016-05-19,-0.3333333333333333,0.2357826232910156,-0.0832157135009765,0.2473468780517578,-0.0901603698730468,0.7767009735107422,0.0416107177734375,-0.5016269683837891,-0.2103519439697265,0.17132159693915197,0.2463080075324283
2016-05-20,0.3333333333333333,0.2797088623046875,0.2357826232910156,-0.0832157135009765,0.2473468780517578,-0.0901603698730468,0.7767009735107422,0.0416107177734375,-0.5016269683837891,0.16727708379275444,-0.274087859968425
2016-05-23,0.3333333333333333,0.3397998809814453,0.2797088623046875,0.2357826232910156,-0.0832157135009765,0.2473468780517578,-0.0901603698730468,0.7767009735107422,0.0416107177734375,0.18708030436549733,-0.05800195219852697
2016-05-24,0.0,0.397592544555664,0.3397998809814453,0.2797088623046875,0.2357826232910156,-0.0832157135009765,0.2473468780517578,-0.0901603698730468,0.7767009735107422,0.2684149631873935,-0.20254614179881605
2016-05-25,1.0,0.1826229095458984,0.397592544555664,0.3397998809814453,0.2797088623046875,0.2357826232910156,-0.0832157135009765,0.2473468780517578,-0.0901603698730468,0.07228556036077884,-0.11726052137006157
2016-05-26,0.6,-0.0138721466064453,0.1826229095458984,0.397592544555664,0.3397998809814453,0.2797088623046875,0.2357826232910156,-0.0832157135009765,0.2473468780517578,-0.00838369182837594,-0.11217787352042127
2016-05-27,-0.3333333333333333,-0.1132698059082031,-0.0138721466064453,0.1826229095458984,0.397592544555664,0.3397998809814453,0.2797088623046875,0.2357826232910156,-0.0832157135009765,-0.06850897949388224,-0.10058896903836748
2016-05-31,0.3333333333333333,-0.3236236572265625,-0.1132698059082031,-0.0138721466064453,0.1826229095458984,0.397592544555664,0.3397998809814453,0.2797088623046875,0.2357826232910156,-0.21581748425812858,0.008234134495596984
2016-06-01,1.0,-0.171060562133789,-0.3236236572265625,-0.1132698059082031,-0.0138721466064453,0.1826229095458984,0.397592544555664,0.3397998809814453,0.2797088623046875,-0.09950929126869419,-0.002138322810623844
2016-06-02,0.0,0.046234130859375,-0.171060562133789,-0.3236236572265625,-0.1132698059082031,-0.0138721466064453,0.1826229095458984,0.397592544555664,0.3397998809814453,0.03943809638611986,0.14332523099825087
2016-06-03,-1.0,0.1641216278076172,0.046234130859375,-0.171060562133789,-0.3236236572265625,-0.1132698059082031,-0.0138721466064453,0.1826229095458984,0.397592544555664,0.09110261353569701,0.16101466389812003
2016-06-06,0.3333333333333333,0.0924644470214843,0.1641216278076172,0.046234130859375,-0.171060562133789,-0.3236236572265625,-0.1132698059082031,-0.0138721466064453,0.1826229095458984,0.1107280477688777,0.07126863785958479
2016-06-07,0.3333333333333333,-0.0208034515380859,0.0924644470214843,0.1641216278076172,0.046234130859375,-0.171060562133789,-0.3236236572265625,-0.1132698059082031,-0.0138721466064453,-0.0564091086158694,0.07595369854509851
2016-06-08,-0.3333333333333333,0.1641254425048828,-0.0208034515380859,0.0924644470214843,0.1641216278076172,0.046234130859375,-0.171060562133789,-0.3236236572265625,-0.1132698059082031,0.08340735089038767,0.008989884612242732
2016-06-09,-0.3333333333333333,-0.1895561218261718,0.1641254425048828,-0.0208034515380859,0.0924644470214843,0.1641216278076172,0.046234130859375,-0.171060562133789,-0.3236236572265625,-0.03915305699867421,-0.0243291974065378
2016-06-10,0.0,-0.3444271087646484,-0.1895561218261718,0.1641254425048828,-0.0208034515380859,0.0924644470214843,0.1641216278076172,0.046234130859375,-0.171060562133789,-0.22344520915254307,0.07511871074932142
2016-06-13,0.3333333333333333,0.0277423858642578,-0.3444271087646484,-0.1895561218261718,0.1641254425048828,-0.0208034515380859,0.0924644470214843,0.1641216278076172,0.046234130859375,-0.07101988623296203,0.09066643088203805
2016-06-14,-1.0,-0.073974609375,0.0277423858642578,-0.3444271087646484,-0.1895561218261718,0.1641254425048828,-0.0208034515380859,0.0924644470214843,0.1641216278076172,0.14072429452194102,0.1522063531316774
2016-06-15,0.5,0.0947761535644531,-0.073974609375,0.0277423858642578,-0.3444271087646484,-0.1895561218261718,0.1641254425048828,-0.0208034515380859,0.0924644470214843,0.2026860728480179,0.12012238910798403
2016-06-16,1.0,-0.5131778717041016,0.0947761535644531,-0.073974609375,0.0277423858642578,-0.3444271087646484,-0.1895561218261718,0.1641254425048828,-0.0208034515380859,-0.3354329794915692,0.07497439119304647
2016-06-17,0.3333333333333333,-0.0531692504882812,-0.5131778717041016,0.0947761535644531,-0.073974609375,0.0277423858642578,-0.3444271087646484,-0.1895561218261718,0.1641254425048828,-0.0027112656349368726,0.049965485026808726
2016-06-20,1.0,0.1872501373291015,-0.0531692504882812,-0.5131778717041016,0.0947761535644531,-0.073974609375,0.0277423858642578,-0.3444271087646484,-0.1895561218261718,0.12120132942346036,-0.013694780441964455
2016-06-21,0.0,-0.0832233428955078,0.1872501373291015,-0.0531692504882812,-0.5131778717041016,0.0947761535644531,-0.073974609375,0.0277423858642578,-0.3444271087646484,-0.08092097318233407,0.16655047641266885
2016-06-22,1.0,0.12713623046875,-0.0832233428955078,0.1872501373291015,-0.0531692504882812,-0.5131778717041016,0.0947761535644531,-0.073974609375,0.0277423858642578,0.08683078826670144,0.013227536353896369
2016-06-23,1.0,-0.6241340637207031,0.12713623046875,-0.0832233428955078,0.1872501373291015,-0.0531692504882812,-0.5131778717041016,0.0947761535644531,-0.073974609375,-0.37503425302620674,0.05328256144332899
2016-06-24,0.3333333333333333,-0.3143768310546875,-0.6241340637207031,0.12713623046875,-0.0832233428955078,0.1872501373291015,-0.0531692504882812,-0.5131778717041016,0.0947761535644531,-0.2708857938648046,0.13879060750732597
2016-06-27,0.3333333333333333,0.3583030700683594,-0.3143768310546875,-0.6241340637207031,0.12713623046875,-0.0832233428955078,0.1872501373291015,-0.0531692504882812,-0.5131778717041016,0.24480374321709664,0.07932348782787915
2016-06-28,0.0,0.1872367858886718,0.3583030700683594,-0.3143768310546875,-0.6241340637207031,0.12713623046875,-0.0832233428955078,0.1872501373291015,-0.0531692504882812,0.15454514468532443,0.17006995414196413
2016-06-29,1.0,0.2773914337158203,0.1872367858886718,0.3583030700683594,-0.3143768310546875,-0.6241340637207031,0.12713623046875,-0.0832233428955078,0.1872501373291015,0.16657242438143435,0.026991248471662427
2016-06-30,-0.3333333333333333,0.0670394897460937,0.2773914337158203,0.1872367858886718,0.3583030700683594,-0.3143768310546875,-0.6241340637207031,0.12713623046875,-0.0832233428955078,0.0028461517102634816,0.06896467909413101
2016-07-01,1.0,-0.208047866821289,0.0670394897460937,0.2773914337158203,0.1872367858886718,0.3583030700683594,-0.3143768310546875,-0.6241340637207031,0.12713623046875,-0.11266419053537291,0.04050833481413019
2016-07-05,-0.5,0.1248283386230468,-0.208047866821289,0.0670394897460937,0.2773914337158203,0.1872367858886718,0.3583030700683594,-0.3143768310546875,-0.6241340637207031,0.04525504752065525,-0.08936058383748832
2016-07-06,0.0,0.0947742462158203,0.1248283386230468,-0.208047866821289,0.0670394897460937,0.2773914337158203,0.1872367858886718,0.3583030700683594,-0.3143768310546875,0.059634594901202355,0.023857945715612283
2016-07-07,1.0,0.1710643768310547,0.0947742462158203,0.1248283386230468,-0.208047866821289,0.0670394897460937,0.2773914337158203,0.1872367858886718,0.3583030700683594,0.14949348681991145,0.006873424922441779
2016-07-08,0.0,0.0693492889404296,0.1710643768310547,0.0947742462158203,0.1248283386230468,-0.208047866821289,0.0670394897460937,0.2773914337158203,0.1872367858886718,0.06803908060933561,-0.015814283110504507
2016-07-11,-1.0,0.1017055511474609,0.0693492889404296,0.1710643768310547,0.0947742462158203,0.1248283386230468,-0.208047866821289,0.0670394897460937,0.2773914337158203,0.0028378591570522305,0.07309912589700684
2016-07-12,-0.3333333333333333,-0.1271381378173828,0.1017055511474609,0.0693492889404296,0.1710643768310547,0.0947742462158203,0.1248283386230468,-0.208047866821289,0.0670394897460937,-0.03426969860877981,-0.09502562580731524
2016-07-13,-0.3333333333333333,0.443826675415039,-0.1271381378173828,0.1017055511474609,0.0693492889404296,0.1710643768310547,0.0947742462158203,0.1248283386230468,-0.208047866821289,0.23921744306710074,0.08106384261453145
2016-07-14,0.0,-0.0023117065429687,0.443826675415039,-0.1271381378173828,0.1017055511474609,0.0693492889404296,0.1710643768310547,0.0947742462158203,0.1248283386230468,-0.025226159350853976,-0.10124685607848591
2016-07-15,1.0,0.2427215576171875,-0.0023117065429687,0.443826675415039,-0.1271381378173828,0.1017055511474609,0.0693492889404296,0.1710643768310547,0.0947742462158203,0.2024048166963431,-0.01912385765556307
2016-07-18,0.5555555555555556,0.009246826171875,0.2427215576171875,-0.0023117065429687,0.443826675415039,-0.1271381378173828,0.1017055511474609,0.0693492889404296,0.1710643768310547,0.0005975219748136193,-0.18005944587627906
2016-07-19,0.5,0.0207996368408203,0.009246826171875,0.2427215576171875,-0.0023117065429687,0.443826675415039,-0.1271381378173828,0.1017055511474609,0.0693492889404296,0.05078987942341127,0.046740860491189196
2016-07-20,0.3333333333333333,-0.1225128173828125,0.0207996368408203,0.009246826171875,0.2427215576171875,-0.0023117065429687,0.443826675415039,-0.1271381378173828,0.1017055511474609,-0.048181601117472175,-0.18567323906889474
2016-07-21,-0.3333333333333333,-0.1779899597167968,-0.1225128173828125,0.0207996368408203,0.009246826171875,0.2427215576171875,-0.0023117065429687,0.443826675415039,-0.1271381378173828,-0.0552915701663915,0.1499677631503148
2016-07-22,-0.3333333333333333,-0.3051357269287109,-0.1779899597167968,-0.1225128173828125,0.0207996368408203,0.009246826171875,0.2427215576171875,-0.0023117065429687,0.443826675415039,-0.2522745021774372,0.0026799777034486882
2016-07-25,1.0,-0.1548728942871093,-0.3051357269287109,-0.1779899597167968,-0.1225128173828125,0.0207996368408203,0.009246826171875,0.2427215576171875,-0.0023117065429687,-0.06381592257771398,0.056916820422304226
2016-07-26,1.0,1.4516868591308594,-0.1548728942871093,-0.3051357269287109,-0.1779899597167968,-0.1225128173828125,0.0207996368408203,0.009246826171875,0.2427215576171875,1.2507600212872876,0.050037402655704
2016-07-27,0.0,0.3213062286376953,1.4516868591308594,-0.1548728942871093,-0.3051357269287109,-0.1779899597167968,-0.1225128173828125,0.0207996368408203,0.009246826171875,0.2433972197057731,-0.0690336088868442
2016-07-28,0.0,-0.0300483703613281,0.3213062286376953,1.4516868591308594,-0.1548728942871093,-0.3051357269287109,-0.1779899597167968,-0.1225128173828125,0.0207996368408203,0.05466850279288443,0.01723555184659703
2016-07-29,1.0,0.4253349304199219,-0.0300483703613281,0.3213062286376953,1.4516868591308594,-0.1548728942871093,-0.3051357269287109,-0.1779899597167968,-0.1225128173828125,0.3376183921435724,-0.3604877559700157
2016-08-01,1.0,-0.3629169464111328,0.4253349304199219,-0.0300483703613281,0.3213062286376953,1.4516868591308594,-0.1548728942871093,-0.3051357269287109,-0.1779899597167968,-0.3464825641137408,-0.08536021720145873
2016-08-02,-1.0,0.3028182983398437,-0.3629169464111328,0.4253349304199219,-0.0300483703613281,0.3213062286376953,1.4516868591308594,-0.1548728942871093,-0.3051357269287109,0.2337936802217512,-0.15040757008058012
2016-08-03,1.0,0.1510696411132812,0.3028182983398437,-0.3629169464111328,0.4253349304199219,-0.0300483703613281,0.3213062286376953,1.4516868591308594,-0.1548728942871093,0.13284425782311998,-0.0970461626390465
2016-08-04,0.0,0.3741836547851562,0.1510696411132812,0.3028182983398437,-0.3629169464111328,0.4253349304199219,-0.0300483703613281,0.3213062286376953,1.4516868591308594,0.28697515872092816,0.029205380376546963
2016-08-05,0.3333333333333333,0.2068405151367187,0.3741836547851562,0.1510696411132812,0.3028182983398437,-0.3629169464111328,0.4253349304199219,-0.0300483703613281,0.3213062286376953,0.1442640670336852,-0.29958537034109
2016-08-08,-1.0,0.1022663116455078,0.2068405151367187,0.3741836547851562,0.1510696411132812,0.3028182983398437,-0.3629169464111328,0.4253349304199219,-0.0300483703613281,0.08197545215456346,0.12218178341509117
2016-08-09,1.0,-0.1882572174072265,0.1022663116455078,0.2068405151367187,0.3741836547851562,0.1510696411132812,0.3028182983398437,-0.3629169464111328,0.4253349304199219,-0.11749725991226123,-0.15968342943833327
2016-08-10,0.0,-0.0162677764892578,-0.1882572174072265,0.1022663116455078,0.2068405151367187,0.3741836547851562,0.1510696411132812,0.3028182983398437,-0.3629169464111328,0.030945020300787808,0.045145850000897686
2016-08-11,1.0,0.0581092834472656,-0.0162677764892578,-0.1882572174072265,0.1022663116455078,0.2068405151367187,0.3741836547851562,0.1510696411132812,0.3028182983398437,-0.02152712158458031,-0.008996319647822243
2016-08-12,1.0,0.3021373748779297,0.0581092834472656,-0.0162677764892578,-0.1882572174072265,0.1022663116455078,0.2068405151367187,0.3741836547851562,0.1510696411132812,0.17296438791479257,-0.021449628040324936
2016-08-15,1.0,-0.0232467651367187,0.3021373748779297,0.0581092834472656,-0.0162677764892578,-0.1882572174072265,0.1022663116455078,0.2068405151367187,0.3741836547851562,0.06136673972482028,-0.037037655878945114
2016-08-16,0.0,-0.0371875762939453,-0.0232467651367187,0.3021373748779297,0.0581092834472656,-0.0162677764892578,-0.1882572174072265,0.1022663116455078,0.2068405151367187,-0.01912939095178151,0.09058858770641887
2016-08-17,0.3333333333333333,-0.0325355529785156,-0.0371875762939453,-0.0232467651367187,0.3021373748779297,0.0581092834472656,-0.0162677764892578,-0.1882572174072265,0.1022663116455078,-0.04982764546841765,-0.06697559002394779
2016-08-18,1.0,0.0650806427001953,-0.0325355529785156,-0.0371875762939453,-0.0232467651367187,0.3021373748779297,0.0581092834472656,-0.0162677764892578,-0.1882572174072265,0.007774899498100765,0.018798146918506425
2016-08-19,-0.3333333333333333,-0.197549819946289,0.0650806427001953,-0.0325355529785156,-0.0371875762939453,-0.0232467651367187,0.3021373748779297,0.0581092834472656,-0.0162677764892578,-0.09332326417776958,-0.017578719299407408
2016-08-22,1.0,0.0790157318115234,-0.197549819946289,0.0650806427001953,-0.0325355529785156,-0.0371875762939453,-0.0232467651367187,0.3021373748779297,0.0581092834472656,0.05434045366388172,0.002956058631219921
2016-08-23,0.5,-0.1905746459960937,0.0790157318115234,-0.197549819946289,0.0650806427001953,-0.0325355529785156,-0.0371875762939453,-0.0232467651367187,0.3021373748779297,-0.058538461851682655,0.0041661508565667416
2016-08-24,0.0,-0.1069145202636718,-0.1905746459960937,0.0790157318115234,-0.197549819946289,0.0650806427001953,-0.0325355529785156,-0.0371875762939453,-0.0232467651367187,-0.06286843399377819,0.14963480619355085
2016-08-25,-1.0,-0.1464157104492187,-0.1069145202636718,-0.1905746459960937,0.0790157318115234,-0.197549819946289,0.0650806427001953,-0.0325355529785156,-0.0371875762939453,-0.07200771384619858,0.046629168937819154
2016-08-26,1.0,-0.0278968811035156,-0.1464157104492187,-0.1069145202636718,-0.1905746459960937,0.0790157318115234,-0.197549819946289,0.0650806427001953,-0.0325355529785156,-0.030153428403989234,0.04845734286739123
2016-08-29,0.3333333333333333,-0.1905727386474609,-0.0278968811035156,-0.1464157104492187,-0.1069145202636718,-0.1905746459960937,0.0790157318115234,-0.197549819946289,0.0650806427001953,0.01794725131447368,0.028664107122079174
2016-08-30,-0.3333333333333333,0.0232391357421875,-0.1905727386474609,-0.0278968811035156,-0.1464157104492187,-0.1069145202636718,-0.1905746459960937,0.0790157318115234,-0.197549819946289,-0.04964430712672305,0.17061568937141786
2016-08-31,1.0,0.1464195251464843,0.0232391357421875,-0.1905727386474609,-0.0278968811035156,-0.1464157104492187,-0.1069145202636718,-0.1905746459960937,0.0790157318115234,0.015085416172427733,0.03560511821205459
2016-09-01,1.0,0.2324104309082031,0.1464195251464843,0.0232391357421875,-0.1905727386474609,-0.0278968811035156,-0.1464157104492187,-0.1069145202636718,-0.1905746459960937,0.03863791856956171,0.03738792299181645
2016-09-02,1.0,-0.0069694519042968,0.2324104309082031,0.1464195251464843,0.0232391357421875,-0.1905727386474609,-0.0278968811035156,-0.1464157104492187,-0.1069145202636718,-0.05392935228153871,-0.035139267585288986
2016-09-06,1.0,0.1533946990966797,-0.0069694519042968,0.2324104309082031,0.1464195251464843,0.0232391357421875,-0.1905727386474609,-0.0278968811035156,-0.1464157104492187,0.002312175617491463,-0.007701991135920405
2016-09-07,-0.3333333333333333,-0.6600608825683594,0.1533946990966797,-0.0069694519042968,0.2324104309082031,0.1464195251464843,0.0232391357421875,-0.1905727386474609,-0.0278968811035156,-0.06762674034787915,-0.08350810531857686
2016-09-08,0.5,-0.5554676055908203,-0.6600608825683594,0.1533946990966797,-0.0069694519042968,0.2324104309082031,0.1464195251464843,0.0232391357421875,-0.1905727386474609,-0.2052350432920192,0.11204015328366225
2016-09-09,0.3333333333333333,0.5368843078613281,-0.5554676055908203,-0.6600608825683594,0.1533946990966797,-0.0069694519042968,0.2324104309082031,0.1464195251464843,0.0232391357421875,0.06274868430127363,0.11729351367175896
2016-09-12,0.0,0.5833473205566406,0.5368843078613281,-0.5554676055908203,-0.6600608825683594,0.1533946990966797,-0.0069694519042968,0.2324104309082031,0.1464195251464843,0.11509407869138567,0.1747084845584996
2016-09-13,1.0,0.8878192901611328,0.5833473205566406,0.5368843078613281,-0.5554676055908203,-0.6600608825683594,0.1533946990966797,-0.0069694519042968,0.2324104309082031,-0.016109610799789273,0.011160437079947932
2016-09-14,1.0,0.8831672668457031,0.8878192901611328,0.5833473205566406,0.5368843078613281,-0.5554676055908203,-0.6600608825683594,0.1533946990966797,-0.0069694519042968,-0.03584890963041606,-0.2210430178432181
2016-09-15,0.0,-0.1510658264160156,0.8831672668457031,0.8878192901611328,0.5833473205566406,0.5368843078613281,-0.5554676055908203,-0.6600608825683594,0.1533946990966797,-0.1858212054049506,-0.36892536336427684
2016-09-16,0.4285714285714285,-0.3114299774169922,-0.1510658264160156,0.8831672668457031,0.8878192901611328,0.5833473205566406,0.5368843078613281,-0.5554676055908203,-0.6600608825683594,0.7517871101312904,-0.35533573123174556
2016-09-19,0.3333333333333333,-0.0023326873779296,-0.3114299774169922,-0.1510658264160156,0.8831672668457031,0.8878192901611328,0.5833473205566406,0.5368843078613281,-0.5554676055908203,-0.3855074424210212,-0.2020680128151133
2016-09-20,-0.3333333333333333,-0.0046424865722656,-0.0023326873779296,-0.3114299774169922,-0.1510658264160156,0.8831672668457031,0.8878192901611328,0.5833473205566406,0.5368843078613281,-0.04524527543581347,0.12336436702583865
2016-09-21,0.0,0.2486839294433593,-0.0046424865722656,-0.0023326873779296,-0.3114299774169922,-0.1510658264160156,0.8831672668457031,0.8878192901611328,0.5833473205566406,-0.04166298175844495,-0.005843391190701791
2016-09-22,0.3333333333333333,-0.4439105987548828,0.2486839294433593,-0.0046424865722656,-0.0023326873779296,-0.3114299774169922,-0.1510658264160156,0.8831672668457031,0.8878192901611328,-0.17703191615471864,0.023544548657389586
2016-09-23,-0.3333333333333333,0.0395088195800781,-0.4439105987548828,0.2486839294433593,-0.0046424865722656,-0.0023326873779296,-0.3114299774169922,-0.1510658264160156,0.8831672668457031,0.031873115208114006,0.10153679821865673
2016-09-26,-0.3333333333333333,0.0488033294677734,0.0395088195800781,-0.4439105987548828,0.2486839294433593,-0.0046424865722656,-0.0023326873779296,-0.3114299774169922,-0.1510658264160156,0.10450541065240387,-0.057074612892973414
2016-09-27,-1.0,0.1998825073242187,0.0488033294677734,0.0395088195800781,-0.4439105987548828,0.2486839294433593,-0.0046424865722656,-0.0023326873779296,-0.3114299774169922,0.07370682316650468,0.26735834938071046
2016-09-28,1.0,-0.4113788604736328,0.1998825073242187,0.0488033294677734,0.0395088195800781,-0.4439105987548828,0.2486839294433593,-0.0046424865722656,-0.0023326873779296,0.052517604451282965,-0.10527419223163434
2016-09-29,1.0,0.2022075653076172,-0.4113788604736328,0.1998825073242187,0.0488033294677734,0.0395088195800781,-0.4439105987548828,0.2486839294433593,-0.0046424865722656,-0.007433841110232647,-0.0005757679515863146
2016-09-30,0.5,-0.1231861114501953,0.2022075653076172,-0.4113788604736328,0.1998825073242187,0.0488033294677734,0.0395088195800781,-0.4439105987548828,0.2486839294433593,0.024621462319237217,-0.15199271766163822
2016-10-03,0.3333333333333333,0.1115608215332031,-0.1231861114501953,0.2022075653076172,-0.4113788604736328,0.1998825073242187,0.0488033294677734,0.0395088195800781,-0.4439105987548828,0.025784349267784543,0.11963999728785368
2016-10-04,1.0,0.0116252899169921,0.1115608215332031,-0.1231861114501953,0.2022075653076172,-0.4113788604736328,0.1998825073242187,0.0488033294677734,0.0395088195800781,0.054356168032448436,-0.10668225258632133
2016-10-05,1.0,0.1952247619628906,0.0116252899169921,0.1115608215332031,-0.1231861114501953,0.2022075653076172,-0.4113788604736328,0.1998825073242187,0.0488033294677734,0.1513709076476187,0.000642027868449857
2016-10-06,0.3333333333333333,0.0395050048828125,0.1952247619628906,0.0116252899169921,0.1115608215332031,-0.1231861114501953,0.2022075653076172,-0.4113788604736328,0.1998825073242187,0.06108328613284429,-0.15856849305991108
2016-10-07,1.0,0.4625053405761719,0.0395050048828125,0.1952247619628906,0.0116252899169921,0.1115608215332031,-0.1231861114501953,0.2022075653076172,-0.4113788604736328,0.11845054186243385,-0.049285893960197086
2016-10-10,0.5,0.0581035614013671,0.4625053405761719,0.0395050048828125,0.1952247619628906,0.0116252899169921,0.1115608215332031,-0.1231861114501953,0.2022075653076172,0.10366703031862709,-0.13931297997899497
2016-10-11,0.3333333333333333,0.2417068481445312,0.0581035614013671,0.4625053405761719,0.0395050048828125,0.1952247619628906,0.0116252899169921,0.1115608215332031,-0.1231861114501953,0.13216073763123903,0.027359270081724257
2016-10-12,0.3333333333333333,-0.0836639404296875,0.2417068481445312,0.0581035614013671,0.4625053405761719,0.0395050048828125,0.1952247619628906,0.0116252899169921,0.1115608215332031,0.17629630408149313,-0.21255254555699996
2016-10-13,0.7777777777777778,0.1510601043701172,-0.0836639404296875,0.2417068481445312,0.0581035614013671,0.4625053405761719,0.0395050048828125,0.1952247619628906,0.0116252899169921,0.1043514588392172,-0.004193707036865085
2016-10-14,0.4,-0.0185832977294921,0.1510601043701172,-0.0836639404296875,0.2417068481445312,0.0581035614013671,0.4625053405761719,0.0395050048828125,0.1952247619628906,-0.06737611032696934,-0.178110372067427
2016-10-17,-0.1428571428571428,-0.0186004638671875,-0.0185832977294921,0.1510601043701172,-0.0836639404296875,0.2417068481445312,0.0581035614013671,0.4625053405761719,0.0395050048828125,0.16034563219288436,0.0700927331287595
2016-10-18,0.7777777777777778,-0.0813407897949218,-0.0186004638671875,-0.0185832977294921,0.1510601043701172,-0.0836639404296875,0.2417068481445312,0.0581035614013671,0.4625053405761719,0.007197072542105422,-0.07549875232612871
2016-10-19,0.3333333333333333,-0.0139446258544921,-0.0813407897949218,-0.0186004638671875,-0.0185832977294921,0.1510601043701172,-0.0836639404296875,0.2417068481445312,0.0581035614013671,-0.028498513560084614,0.07351573269866313
2016-10-20,0.5,-0.1069164276123046,-0.0139446258544921,-0.0813407897949218,-0.0186004638671875,-0.0185832977294921,0.1510601043701172,-0.0836639404296875,0.2417068481445312,-0.03929308403570588,0.01027582253523282
2016-10-21,0.75,0.2440414428710937,-0.1069164276123046,-0.0139446258544921,-0.0813407897949218,-0.0186004638671875,-0.0185832977294921,0.1510601043701172,-0.0836639404296875,0.07342501405880587,0.05442853792864674
2016-10-24,0.0,0.1394462585449218,0.2440414428710937,-0.1069164276123046,-0.0139446258544921,-0.0813407897949218,-0.0186004638671875,-0.0185832977294921,0.1510601043701172,-0.04276000211299528,-0.004529506680723605
2016-10-25,-0.3333333333333333,-0.6182212829589844,0.1394462585449218,0.2440414428710937,-0.1069164276123046,-0.0139446258544921,-0.0813407897949218,-0.0186004638671875,-0.0185832977294921,0.05395239122027707,0.07801698536467533
2016-10-26,-0.1111111111111111,-0.257974624633789,-0.6182212829589844,0.1394462585449218,0.2440414428710937,-0.1069164276123046,-0.0139446258544921,-0.0813407897949218,-0.0186004638671875,-0.35377334441648695,0.11028505283328356
2016-10-27,0.4285714285714285,-0.1766376495361328,-0.257974624633789,-0.6182212829589844,0.1394462585449218,0.2440414428710937,-0.1069164276123046,-0.0139446258544921,-0.0813407897949218,0.1283959151479115,0.13200940972853226
2016-10-28,0.1428571428571428,-0.0418319702148437,-0.1766376495361328,-0.257974624633789,-0.6182212829589844,0.1394462585449218,0.2440414428710937,-0.1069164276123046,-0.0139446258544921,-0.11366627963875314,0.23507512470651729
2016-10-31,0.0,-0.4764480590820312,-0.0418319702148437,-0.1766376495361328,-0.257974624633789,-0.6182212829589844,0.1394462585449218,0.2440414428710937,-0.1069164276123046,0.09624094755604537,0.1434823942227847
2016-11-01,0.4285714285714285,0.0232429504394531,-0.4764480590820312,-0.0418319702148437,-0.1766376495361328,-0.257974624633789,-0.6182212829589844,0.1394462585449218,0.2440414428710937,-0.06076117797053547,-0.03129040797348945
2016-11-02,1.0,-0.277994155883789,0.0232429504394531,-0.4764480590820312,-0.0418319702148437,-0.1766376495361328,-0.257974624633789,-0.6182212829589844,0.1394462585449218,0.10816273365202791,0.015589437270611212
2016-11-03,0.1428571428571428,-0.2312641143798828,-0.277994155883789,0.0232429504394531,-0.4764480590820312,-0.0418319702148437,-0.1766376495361328,-0.257974624633789,-0.6182212829589844,0.007161838009054878,0.10070213687796442
2016-11-04,0.6,0.3667621612548828,-0.2312641143798828,-0.277994155883789,0.0232429504394531,-0.4764480590820312,-0.0418319702148437,-0.1766376495361328,-0.257974624633789,-0.10716826934041229,0.08726092755066298
2016-11-07,-0.1428571428571428,0.1518383026123047,0.3667621612548828,-0.2312641143798828,-0.277994155883789,0.0232429504394531,-0.4764480590820312,-0.0418319702148437,-0.1766376495361328,0.036792004699951635,0.1399510226139311
2016-11-08,1.0,-0.0420417785644531,0.1518383026123047,0.3667621612548828,-0.2312641143798828,-0.277994155883789,0.0232429504394531,-0.4764480590820312,-0.0418319702148437,0.22443564320735557,0.07266848106969237
2016-11-09,-0.1428571428571428,-0.7218475341796875,-0.0420417785644531,0.1518383026123047,0.3667621612548828,-0.2312641143798828,-0.277994155883789,0.0232429504394531,-0.4764480590820312,-0.01591574926820672,0.05329360964675081
2016-11-10,0.0,0.1495113372802734,-0.7218475341796875,-0.0420417785644531,0.1518383026123047,0.3667621612548828,-0.2312641143798828,-0.277994155883789,0.0232429504394531,-0.34519763060244346,0.1002367853038456
2016-11-11,1.0,-0.6354141235351562,0.1495113372802734,-0.7218475341796875,-0.0420417785644531,0.1518383026123047,0.3667621612548828,-0.2312641143798828,-0.277994155883789,0.15577847194462,-0.06784398123772853
2016-11-14,-0.1111111111111111,0.3270511627197265,-0.6354141235351562,0.1495113372802734,-0.7218475341796875,-0.0420417785644531,0.1518383026123047,0.3667621612548828,-0.2312641143798828,-0.12948112765248979,0.010806204572963107
2016-11-15,-0.1111111111111111,0.6727867126464844,0.3270511627197265,-0.6354141235351562,0.1495113372802734,-0.7218475341796875,-0.0420417785644531,0.1518383026123047,0.3667621612548828,0.06504046238707058,-0.05481305176462045
2016-11-16,0.3333333333333333,-0.009347915649414,0.6727867126464844,0.3270511627197265,-0.6354141235351562,0.1495113372802734,-0.7218475341796875,-0.0420417785644531,0.1518383026123047,-0.006258208933919152,0.12903466429522553
2016-11-17,-0.1428571428571428,0.0257015228271484,-0.009347915649414,0.6727867126464844,0.3270511627197265,-0.6354141235351562,0.1495113372802734,-0.7218475341796875,-0.0420417785644531,-0.0035475340669400557,-0.26364420793006205
2016-11-18,-0.4285714285714285,0.3901290893554687,0.0257015228271484,-0.009347915649414,0.6727867126464844,0.3270511627197265,-0.6354141235351562,0.1495113372802734,-0.7218475341796875,0.03992217483124094,0.11201126419476409
2016-11-21,0.3333333333333333,0.0163383483886718,0.3901290893554687,0.0257015228271484,-0.009347915649414,0.6727867126464844,0.3270511627197265,-0.6354141235351562,0.1495113372802734,0.11492006701094522,0.08379704581894196
2016-11-22,0.2,-0.133148193359375,0.0163383483886718,0.3901290893554687,0.0257015228271484,-0.009347915649414,0.6727867126464844,0.3270511627197265,-0.6354141235351562,0.02901342881164821,-0.1606865302892769
2016-11-23,0.8,0.1308174133300781,-0.133148193359375,0.0163383483886718,0.3901290893554687,0.0257015228271484,-0.009347915649414,0.6727867126464844,0.3270511627197265,-0.05712054286547288,0.007518414846291427
2016-11-25,0.6,-0.0513896942138671,0.1308174133300781,-0.133148193359375,0.0163383483886718,0.3901290893554687,0.0257015228271484,-0.009347915649414,0.6727867126464844,-0.12610159078307145,0.07890566772682409
2016-11-28,0.7142857142857143,-0.0256996154785156,-0.0513896942138671,0.1308174133300781,-0.133148193359375,0.0163383483886718,0.3901290893554687,0.0257015228271484,-0.009347915649414,-0.002786267106760392,0.04332671586826606
2016-11-29,1.0,-0.2195930480957031,-0.0256996154785156,-0.0513896942138671,0.1308174133300781,-0.133148193359375,0.0163383483886718,0.3901290893554687,0.0257015228271484,-0.06158479559297516,0.022644826229799242
2016-11-30,0.6,-0.240610122680664,-0.2195930480957031,-0.0256996154785156,-0.0513896942138671,0.1308174133300781,-0.133148193359375,0.0163383483886718,0.3901290893554687,-0.1163684042259815,0.07362978077233448
2016-12-01,-0.1428571428571428,0.0957756042480468,-0.240610122680664,-0.2195930480957031,-0.0256996154785156,-0.0513896942138671,0.1308174133300781,-0.133148193359375,0.0163383483886718,-0.059266631001908446,0.06771665968166454
2016-12-02,0.25,-0.1845417022705078,0.0957756042480468,-0.240610122680664,-0.2195930480957031,-0.0256996154785156,-0.0513896942138671,0.1308174133300781,-0.133148193359375,0.053141904938617535,0.13406733110645486
2016-12-05,0.5,0.1962203979492187,-0.1845417022705078,0.0957756042480468,-0.240610122680664,-0.2195930480957031,-0.0256996154785156,-0.0513896942138671,0.1308174133300781,-0.06277842100092719,0.10349701745086243
2016-12-06,0.75,0.2522964477539062,0.1962203979492187,-0.1845417022705078,0.0957756042480468,-0.240610122680664,-0.2195930480957031,-0.0256996154785156,-0.0513896942138671,-0.0784463866376066,0.03012672673261793
2016-12-07,-0.3333333333333333,0.2546272277832031,0.2522964477539062,0.1962203979492187,-0.1845417022705078,0.0957756042480468,-0.240610122680664,-0.2195930480957031,-0.0256996154785156,-0.10489554264000671,0.14316722317759145
2016-12-08,0.3333333333333333,0.4275016784667969,0.2546272277832031,0.2522964477539062,0.1962203979492187,-0.1845417022705078,0.0957756042480468,-0.240610122680664,-0.2195930480957031,0.052808686433963845,-0.14342204007353673
2016-12-09,0.0,-0.1518478393554687,0.4275016784667969,0.2546272277832031,0.2522964477539062,0.1962203979492187,-0.1845417022705078,0.0957756042480468,-0.240610122680664,-0.0037549631723031362,-0.06403799976549304
2016-12-12,0.0,0.4415206909179687,-0.1518478393554687,0.4275016784667969,0.2546272277832031,0.2522964477539062,0.1962203979492187,-0.1845417022705078,0.0957756042480468,0.7007014867739811,-0.030252130933195537
2016-12-13,0.3333333333333333,0.0,0.4415206909179687,-0.1518478393554687,0.4275016784667969,0.2546272277832031,0.2522964477539062,0.1962203979492187,-0.1845417022705078,0.09169801202224695,-0.2110236452178639
2016-12-14,0.5,0.1471748352050781,0.0,0.4415206909179687,-0.1518478393554687,0.4275016784667969,0.2546272277832031,0.2522964477539062,0.1962203979492187,0.14787884887790495,0.03205406831984778
2016-12-15,0.75,0.0350360870361328,0.1471748352050781,0.0,0.4415206909179687,-0.1518478393554687,0.4275016784667969,0.2546272277832031,0.2522964477539062,0.06150383545235585,-0.2240611538246284
2016-12-16,0.75,0.1565208435058593,0.0350360870361328,0.1471748352050781,0.0,0.4415206909179687,-0.1518478393554687,0.4275016784667969,0.2546272277832031,-0.021505633517237933,-0.022408485361083447
2016-12-19,0.3333333333333333,0.0724143981933593,0.1565208435058593,0.0350360870361328,0.1471748352050781,0.0,0.4415206909179687,-0.1518478393554687,0.4275016784667969,0.2044902529928852,-0.13991002219415474
2016-12-20,-0.4285714285714285,0.0256996154785156,0.0724143981933593,0.1565208435058593,0.0350360870361328,0.1471748352050781,0.0,0.4415206909179687,-0.1518478393554687,0.050442084285758935,0.08468404878600674
2016-12-21,0.0,-0.179880142211914,0.0256996154785156,0.0724143981933593,0.1565208435058593,0.0350360870361328,0.1471748352050781,0.0,0.4415206909179687,0.05247790496248382,-0.062443654319941005
2016-12-22,0.3333333333333333,0.0537300109863281,-0.179880142211914,0.0256996154785156,0.0724143981933593,0.1565208435058593,0.0350360870361328,0.1471748352050781,0.0,0.12802415019284033,0.0877155640804897
2016-12-23,0.2,0.1728687286376953,0.0537300109863281,-0.179880142211914,0.0256996154785156,0.0724143981933593,0.1565208435058593,0.0350360870361328,0.1471748352050781,0.0420293363410842,-0.005078923106339256
2016-12-27,0.1428571428571428,-0.116800308227539,0.1728687286376953,0.0537300109863281,-0.179880142211914,0.0256996154785156,0.0724143981933593,0.1565208435058593,0.0350360870361328,0.21427381874325535,0.08884537859946884
2016-12-28,0.75,-0.0070114135742187,-0.116800308227539,0.1728687286376953,0.0537300109863281,-0.179880142211914,0.0256996154785156,0.0724143981933593,0.1565208435058593,-0.009468826827056558,0.04142439792897695
2016-12-29,0.7777777777777778,-0.2125778198242187,-0.0070114135742187,-0.116800308227539,0.1728687286376953,0.0537300109863281,-0.179880142211914,0.0256996154785156,0.0724143981933593,-0.02655524816824161,0.044255634576522956
2016-12-30,-0.25,0.0770854949951171,-0.2125778198242187,-0.0070114135742187,-0.116800308227539,0.1728687286376953,0.0537300109863281,-0.179880142211914,0.0256996154785156,-0.04241557524856749,0.11929211391854487
