,Unnamed: 0,Date,sentiment_score,Close,PriceDiff_1,PriceDiff_2,PriceDiff_3,PriceDiff_4,PriceDiff_5,PriceDiff_6,PriceDiff_7
0,0,2020-01-13,0.0288,-0.8699951171875,0.94000244140625,0.4699935913085937,0.0699996948242187,0.6500015258789062,1.5800018310546875,3.040000915527344,-1.44000244140625
1,1,2020-01-14,-0.0027199999999999,3.779998779296875,-0.8699951171875,0.94000244140625,0.4699935913085937,0.0699996948242187,0.6500015258789062,1.5800018310546875,3.040000915527344
2,2,2020-01-15,0.0259125,-0.8300018310546875,3.779998779296875,-0.8699951171875,0.94000244140625,0.4699935913085937,0.0699996948242187,0.6500015258789062,1.5800018310546875
3,3,2020-01-16,0.466225,-0.5500030517578125,-0.8300018310546875,3.779998779296875,-0.8699951171875,0.94000244140625,0.4699935913085937,0.0699996948242187,0.6500015258789062
4,4,2020-01-17,0.1285599999999999,1.1700057983398438,-0.5500030517578125,-0.8300018310546875,3.779998779296875,-0.8699951171875,0.94000244140625,0.4699935913085937,0.0699996948242187
5,5,2020-01-21,0.19708,-1.19000244140625,1.1700057983398438,-0.5500030517578125,-0.8300018310546875,3.779998779296875,-0.8699951171875,0.94000244140625,0.4699935913085937
6,6,2020-01-22,0.15196,-1.0699996948242188,-1.19000244140625,1.1700057983398438,-0.5500030517578125,-0.8300018310546875,3.779998779296875,-0.8699951171875,0.94000244140625
7,7,2020-01-23,0.18605625,-1.470001220703125,-1.0699996948242188,-1.19000244140625,1.1700057983398438,-0.5500030517578125,-0.8300018310546875,3.779998779296875,-0.8699951171875
8,8,2020-01-24,0.2012874999999999,-2.55999755859375,-1.470001220703125,-1.0699996948242188,-1.19000244140625,1.1700057983398438,-0.5500030517578125,-0.8300018310546875,3.779998779296875
9,9,2020-01-27,0.22618,1.0699996948242188,-2.55999755859375,-1.470001220703125,-1.0699996948242188,-1.19000244140625,1.1700057983398438,-0.5500030517578125,-0.8300018310546875
10,10,2020-01-28,0.012525,2.0699996948242188,1.0699996948242188,-2.55999755859375,-1.470001220703125,-1.0699996948242188,-1.19000244140625,1.1700057983398438,-0.5500030517578125
11,11,2020-01-29,0.159778947368421,0.9599990844726562,2.0699996948242188,1.0699996948242188,-2.55999755859375,-1.470001220703125,-1.0699996948242188,-1.19000244140625,1.1700057983398438
12,12,2020-01-30,0.3445346153846154,1.7600021362304688,0.9599990844726562,2.0699996948242188,1.0699996948242188,-2.55999755859375,-1.470001220703125,-1.0699996948242188,-1.19000244140625
13,13,2020-01-31,0.3587948275862068,11.360000610351562,1.7600021362304688,0.9599990844726562,2.0699996948242188,1.0699996948242188,-2.55999755859375,-1.470001220703125,-1.0699996948242188
14,14,2020-02-03,0.193625,-1.8700027465820312,11.360000610351562,1.7600021362304688,0.9599990844726562,2.0699996948242188,1.0699996948242188,-2.55999755859375,-1.470001220703125
15,15,2020-02-04,0.226675,1.1999969482421875,-1.8700027465820312,11.360000610351562,1.7600021362304688,0.9599990844726562,2.0699996948242188,1.0699996948242188,-2.55999755859375
16,16,2020-02-05,0.1579666666666666,0.2700042724609375,1.1999969482421875,-1.8700027465820312,11.360000610351562,1.7600021362304688,0.9599990844726562,2.0699996948242188,1.0699996948242188
17,17,2020-02-06,0.3788749999999999,1.3799972534179688,0.2700042724609375,1.1999969482421875,-1.8700027465820312,11.360000610351562,1.7600021362304688,0.9599990844726562,2.0699996948242188
18,18,2020-02-07,0.41475,1.029998779296875,1.3799972534179688,0.2700042724609375,1.1999969482421875,-1.8700027465820312,11.360000610351562,1.7600021362304688,0.9599990844726562
19,19,2020-02-10,0.0805749999999999,-0.9899978637695312,1.029998779296875,1.3799972534179688,0.2700042724609375,1.1999969482421875,-1.8700027465820312,11.360000610351562,1.7600021362304688
20,20,2020-02-11,0.45784,-0.4000015258789062,-0.9899978637695312,1.029998779296875,1.3799972534179688,0.2700042724609375,1.1999969482421875,-1.8700027465820312,11.360000610351562
21,21,2020-02-12,-0.08336,1.5800018310546875,-0.4000015258789062,-0.9899978637695312,1.029998779296875,1.3799972534179688,0.2700042724609375,1.1999969482421875,-1.8700027465820312
22,22,2020-02-13,0.17102,1.089996337890625,1.5800018310546875,-0.4000015258789062,-0.9899978637695312,1.029998779296875,1.3799972534179688,0.2700042724609375,1.1999969482421875
23,23,2020-02-14,0.3793999999999999,5.44000244140625,1.089996337890625,1.5800018310546875,-0.4000015258789062,-0.9899978637695312,1.029998779296875,1.3799972534179688,0.2700042724609375
24,24,2020-02-18,-0.12596,7.540000915527344,5.44000244140625,1.089996337890625,1.5800018310546875,-0.4000015258789062,-0.9899978637695312,1.029998779296875,1.3799972534179688
25,25,2020-02-19,-0.0510333333333333,1.3600006103515625,7.540000915527344,5.44000244140625,1.089996337890625,1.5800018310546875,-0.4000015258789062,-0.9899978637695312,1.029998779296875
26,26,2020-02-20,0.1796,-3.529998779296875,1.3600006103515625,7.540000915527344,5.44000244140625,1.089996337890625,1.5800018310546875,-0.4000015258789062,-0.9899978637695312
27,27,2020-02-21,0.1035555555555555,3.25,-3.529998779296875,1.3600006103515625,7.540000915527344,5.44000244140625,1.089996337890625,1.5800018310546875,-0.4000015258789062
28,28,2020-02-24,-0.2844666666666666,2.0699996948242188,3.25,-3.529998779296875,1.3600006103515625,7.540000915527344,5.44000244140625,1.089996337890625,1.5800018310546875
29,29,2020-02-25,-0.056575,-0.2000045776367187,2.0699996948242188,3.25,-3.529998779296875,1.3600006103515625,7.540000915527344,5.44000244140625,1.089996337890625
30,30,2020-02-26,-0.142575,6.670005798339844,-0.2000045776367187,2.0699996948242188,3.25,-3.529998779296875,1.3600006103515625,7.540000915527344,5.44000244140625
31,31,2020-02-27,0.0903,-8.550003051757812,6.670005798339844,-0.2000045776367187,2.0699996948242188,3.25,-3.529998779296875,1.3600006103515625,7.540000915527344
32,32,2020-02-28,0.1591,8.110000610351562,-8.550003051757812,6.670005798339844,-0.2000045776367187,2.0699996948242188,3.25,-3.529998779296875,1.3600006103515625
33,33,2020-03-02,0.0,4.3600006103515625,8.110000610351562,-8.550003051757812,6.670005798339844,-0.2000045776367187,2.0699996948242188,3.25,-3.529998779296875
34,34,2020-03-03,0.0796125,-0.6699981689453125,4.3600006103515625,8.110000610351562,-8.550003051757812,6.670005798339844,-0.2000045776367187,2.0699996948242188,3.25
35,35,2020-03-04,0.1985124999999999,8.199996948242188,-0.6699981689453125,4.3600006103515625,8.110000610351562,-8.550003051757812,6.670005798339844,-0.2000045776367187,2.0699996948242188
36,36,2020-03-05,0.250103125,-10.68000030517578,8.199996948242188,-0.6699981689453125,4.3600006103515625,8.110000610351562,-8.550003051757812,6.670005798339844,-0.2000045776367187
37,37,2020-03-06,0.09855,-0.5699996948242188,-10.68000030517578,8.199996948242188,-0.6699981689453125,4.3600006103515625,8.110000610351562,-8.550003051757812,6.670005798339844
38,38,2020-03-09,0.1101,-5.260002136230469,-0.5699996948242188,-10.68000030517578,8.199996948242188,-0.6699981689453125,4.3600006103515625,8.110000610351562,-8.550003051757812
39,39,2020-03-10,0.3823999999999999,1.8100051879882808,-5.260002136230469,-0.5699996948242188,-10.68000030517578,8.199996948242188,-0.6699981689453125,4.3600006103515625,8.110000610351562
40,40,2020-03-11,0.2798,-0.8300018310546875,1.8100051879882808,-5.260002136230469,-0.5699996948242188,-10.68000030517578,8.199996948242188,-0.6699981689453125,4.3600006103515625
41,41,2020-03-12,0.2156059523809524,-2.0,-0.8300018310546875,1.8100051879882808,-5.260002136230469,-0.5699996948242188,-10.68000030517578,8.199996948242188,-0.6699981689453125
42,42,2020-03-13,0.14815,0.3899993896484375,-2.0,-0.8300018310546875,1.8100051879882808,-5.260002136230469,-0.5699996948242188,-10.68000030517578,8.199996948242188
43,43,2020-03-16,0.0624795180722891,3.2399978637695312,0.3899993896484375,-2.0,-0.8300018310546875,1.8100051879882808,-5.260002136230469,-0.5699996948242188,-10.68000030517578
44,44,2020-03-17,0.2007903846153846,7.610000610351562,3.2399978637695312,0.3899993896484375,-2.0,-0.8300018310546875,1.8100051879882808,-5.260002136230469,-0.5699996948242188
45,45,2020-03-18,0.2202,5.05999755859375,7.610000610351562,3.2399978637695312,0.3899993896484375,-2.0,-0.8300018310546875,1.8100051879882808,-5.260002136230469
46,46,2020-03-19,-0.4588,6.780006408691406,5.05999755859375,7.610000610351562,3.2399978637695312,0.3899993896484375,-2.0,-0.8300018310546875,1.8100051879882808
47,47,2020-03-20,0.2746,29.009994506835938,6.780006408691406,5.05999755859375,7.610000610351562,3.2399978637695312,0.3899993896484375,-2.0,-0.8300018310546875
48,48,2020-03-23,0.42955,-24.3800048828125,29.009994506835938,6.780006408691406,5.05999755859375,7.610000610351562,3.2399978637695312,0.3899993896484375,-2.0
49,49,2020-03-24,0.8484,2.9300079345703125,-24.3800048828125,29.009994506835938,6.780006408691406,5.05999755859375,7.610000610351562,3.2399978637695312,0.3899993896484375
50,50,2020-03-25,0.113075,3.0399932861328125,2.9300079345703125,-24.3800048828125,29.009994506835938,6.780006408691406,5.05999755859375,7.610000610351562,3.2399978637695312
51,51,2020-03-26,0.5078666666666667,10.550003051757812,3.0399932861328125,2.9300079345703125,-24.3800048828125,29.009994506835938,6.780006408691406,5.05999755859375,7.610000610351562
52,52,2020-03-27,0.2538333333333333,-0.8199920654296875,10.550003051757812,3.0399932861328125,2.9300079345703125,-24.3800048828125,29.009994506835938,6.780006408691406,5.05999755859375
53,53,2020-03-30,0.452075,-4.760009765625,-0.8199920654296875,10.550003051757812,3.0399932861328125,2.9300079345703125,-24.3800048828125,29.009994506835938,6.780006408691406
54,54,2020-03-31,0.10383,-9.1199951171875,-4.760009765625,-0.8199920654296875,10.550003051757812,3.0399932861328125,2.9300079345703125,-24.3800048828125,29.009994506835938
55,55,2020-04-01,0.1043999999999999,-15.06999969482422,-9.1199951171875,-4.760009765625,-0.8199920654296875,10.550003051757812,3.0399932861328125,2.9300079345703125,-24.3800048828125
56,56,2020-04-02,0.2891999999999999,6.269996643066406,-15.06999969482422,-9.1199951171875,-4.760009765625,-0.8199920654296875,10.550003051757812,3.0399932861328125,2.9300079345703125
57,57,2020-04-03,0.261675,-5.2599945068359375,6.269996643066406,-15.06999969482422,-9.1199951171875,-4.760009765625,-0.8199920654296875,10.550003051757812,3.0399932861328125
58,58,2020-04-06,0.023225,-9.19000244140625,-5.2599945068359375,6.269996643066406,-15.06999969482422,-9.1199951171875,-4.760009765625,-0.8199920654296875,10.550003051757812
59,59,2020-04-07,0.17735,4.05999755859375,-9.19000244140625,-5.2599945068359375,6.269996643066406,-15.06999969482422,-9.1199951171875,-4.760009765625,-0.8199920654296875
60,60,2020-04-08,0.2645,6.700004577636719,4.05999755859375,-9.19000244140625,-5.2599945068359375,6.269996643066406,-15.06999969482422,-9.1199951171875,-4.760009765625
61,61,2020-04-09,0.5364599999999999,11.409996032714844,6.700004577636719,4.05999755859375,-9.19000244140625,-5.2599945068359375,6.269996643066406,-15.06999969482422,-9.1199951171875
62,62,2020-04-13,0.1775999999999999,5.970001220703125,11.409996032714844,6.700004577636719,4.05999755859375,-9.19000244140625,-5.2599945068359375,6.269996643066406,-15.06999969482422
63,63,2020-04-14,0.0169124999999999,9.669998168945312,5.970001220703125,11.409996032714844,6.700004577636719,4.05999755859375,-9.19000244140625,-5.2599945068359375,6.269996643066406
64,64,2020-04-15,0.0,-1.3000030517578125,9.669998168945312,5.970001220703125,11.409996032714844,6.700004577636719,4.05999755859375,-9.19000244140625,-5.2599945068359375
65,65,2020-04-16,-0.2536333333333332,-0.1999969482421875,-1.3000030517578125,9.669998168945312,5.970001220703125,11.409996032714844,6.700004577636719,4.05999755859375,-9.19000244140625
66,66,2020-04-17,0.0,-1.0699920654296875,-0.1999969482421875,-1.3000030517578125,9.669998168945312,5.970001220703125,11.409996032714844,6.700004577636719,4.05999755859375
67,67,2020-04-20,0.12574,-5.720001220703125,-1.0699920654296875,-0.1999969482421875,-1.3000030517578125,9.669998168945312,5.970001220703125,11.409996032714844,6.700004577636719
68,68,2020-04-21,0.0985249999999999,6.979995727539063,-5.720001220703125,-1.0699920654296875,-0.1999969482421875,-1.3000030517578125,9.669998168945312,5.970001220703125,11.409996032714844
69,69,2020-04-22,0.0935,18.839996337890625,6.979995727539063,-5.720001220703125,-1.0699920654296875,-0.1999969482421875,-1.3000030517578125,9.669998168945312,5.970001220703125
70,70,2020-04-23,0.4089,-10.289993286132812,18.839996337890625,6.979995727539063,-5.720001220703125,-1.0699920654296875,-0.1999969482421875,-1.3000030517578125,9.669998168945312
71,71,2020-04-24,0.2444,5.8000030517578125,-10.289993286132812,18.839996337890625,6.979995727539063,-5.720001220703125,-1.0699920654296875,-0.1999969482421875,-1.3000030517578125
72,72,2020-04-27,0.1878333333333333,-7.8800048828125,5.8000030517578125,-10.289993286132812,18.839996337890625,6.979995727539063,-5.720001220703125,-1.0699920654296875,-0.1999969482421875
73,73,2020-04-28,-0.0906333333333333,-10.240005493164062,-7.8800048828125,5.8000030517578125,-10.289993286132812,18.839996337890625,6.979995727539063,-5.720001220703125,-1.0699920654296875
74,74,2020-04-29,0.2829625,-11.30999755859375,-10.240005493164062,-7.8800048828125,5.8000030517578125,-10.289993286132812,18.839996337890625,6.979995727539063,-5.720001220703125
75,75,2020-04-30,0.083475,3.389999389648437,-11.30999755859375,-10.240005493164062,-7.8800048828125,5.8000030517578125,-10.289993286132812,18.839996337890625,6.979995727539063
76,76,2020-05-01,0.0806249999999999,4.8800048828125,3.389999389648437,-11.30999755859375,-10.240005493164062,-7.8800048828125,5.8000030517578125,-10.289993286132812,18.839996337890625
77,77,2020-05-04,-0.0396875,1.3800048828125,4.8800048828125,3.389999389648437,-11.30999755859375,-10.240005493164062,-7.8800048828125,5.8000030517578125,-10.289993286132812
78,78,2020-05-05,-0.1524666666666666,4.769989013671875,1.3800048828125,4.8800048828125,3.389999389648437,-11.30999755859375,-10.240005493164062,-7.8800048828125,5.8000030517578125
79,79,2020-05-06,-0.0519999999999999,8.210006713867188,4.769989013671875,1.3800048828125,4.8800048828125,3.389999389648437,-11.30999755859375,-10.240005493164062,-7.8800048828125
80,80,2020-05-07,0.0326249999999999,-2.400009155273437,8.210006713867188,4.769989013671875,1.3800048828125,4.8800048828125,3.389999389648437,-11.30999755859375,-10.240005493164062
81,81,2020-05-08,0.2310249999999999,11.080001831054688,-2.400009155273437,8.210006713867188,4.769989013671875,1.3800048828125,4.8800048828125,3.389999389648437,-11.30999755859375
82,82,2020-05-11,0.3816874999999999,-5.44000244140625,11.080001831054688,-2.400009155273437,8.210006713867188,4.769989013671875,1.3800048828125,4.8800048828125,3.389999389648437
83,83,2020-05-12,0.0750666666666666,6.100006103515625,-5.44000244140625,11.080001831054688,-2.400009155273437,8.210006713867188,4.769989013671875,1.3800048828125,4.8800048828125
84,84,2020-05-13,0.0872375,0.7700042724609375,6.100006103515625,-5.44000244140625,11.080001831054688,-2.400009155273437,8.210006713867188,4.769989013671875,1.3800048828125
85,85,2020-05-14,0.1122333333333333,6.9199981689453125,0.7700042724609375,6.100006103515625,-5.44000244140625,11.080001831054688,-2.400009155273437,8.210006713867188,4.769989013671875
86,86,2020-05-15,0.1335583333333333,-10.139999389648438,6.9199981689453125,0.7700042724609375,6.100006103515625,-5.44000244140625,11.080001831054688,-2.400009155273437,8.210006713867188
87,87,2020-05-18,0.1245749999999999,8.989990234375,-10.139999389648438,6.9199981689453125,0.7700042724609375,6.100006103515625,-5.44000244140625,11.080001831054688,-2.400009155273437
88,88,2020-05-19,0.104625,1.8000030517578125,8.989990234375,-10.139999389648438,6.9199981689453125,0.7700042724609375,6.100006103515625,-5.44000244140625,11.080001831054688
89,89,2020-05-20,0.0461625,-3.4499969482421875,1.8000030517578125,8.989990234375,-10.139999389648438,6.9199981689453125,0.7700042724609375,6.100006103515625,-5.44000244140625
90,90,2020-05-21,0.2790833333333333,-0.970001220703125,-3.4499969482421875,1.8000030517578125,8.989990234375,-10.139999389648438,6.9199981689453125,0.7700042724609375,6.100006103515625
91,91,2020-05-22,0.2139833333333332,-7.05999755859375,-0.970001220703125,-3.4499969482421875,1.8000030517578125,8.989990234375,-10.139999389648438,6.9199981689453125,0.7700042724609375
92,92,2020-05-26,0.0541125,-2.029998779296875,-7.05999755859375,-0.970001220703125,-3.4499969482421875,1.8000030517578125,8.989990234375,-10.139999389648438,6.9199981689453125
93,93,2020-05-27,-0.0781125,1.5800018310546875,-2.029998779296875,-7.05999755859375,-0.970001220703125,-3.4499969482421875,1.8000030517578125,8.989990234375,-10.139999389648438
94,94,2020-05-28,0.3078999999999999,15.92999267578125,1.5800018310546875,-2.029998779296875,-7.05999755859375,-0.970001220703125,-3.4499969482421875,1.8000030517578125,8.989990234375
95,95,2020-05-29,0.226675,24.669998168945312,15.92999267578125,1.5800018310546875,-2.029998779296875,-7.05999755859375,-0.970001220703125,-3.4499969482421875,1.8000030517578125
96,96,2020-06-01,0.04624,3.930007934570313,24.669998168945312,15.92999267578125,1.5800018310546875,-2.029998779296875,-7.05999755859375,-0.970001220703125,-3.4499969482421875
97,97,2020-06-02,0.194275,15.789993286132812,3.930007934570313,24.669998168945312,15.92999267578125,1.5800018310546875,-2.029998779296875,-7.05999755859375,-0.970001220703125
98,98,2020-06-03,0.1286907692307692,-13.519989013671877,15.789993286132812,3.930007934570313,24.669998168945312,15.92999267578125,1.5800018310546875,-2.029998779296875,-7.05999755859375
99,99,2020-06-04,0.146475,-2.75,-13.519989013671877,15.789993286132812,3.930007934570313,24.669998168945312,15.92999267578125,1.5800018310546875,-2.029998779296875
100,100,2020-06-05,-0.1079,2.2299957275390625,-2.75,-13.519989013671877,15.789993286132812,3.930007934570313,24.669998168945312,15.92999267578125,1.5800018310546875
101,101,2020-06-08,0.5580625,-4.4000091552734375,2.2299957275390625,-2.75,-13.519989013671877,15.789993286132812,3.930007934570313,24.669998168945312,15.92999267578125
102,102,2020-06-09,0.10424,15.590011596679688,-4.4000091552734375,2.2299957275390625,-2.75,-13.519989013671877,15.789993286132812,3.930007934570313,24.669998168945312
103,103,2020-06-10,0.1043,1.0500030517578125,15.590011596679688,-4.4000091552734375,2.2299957275390625,-2.75,-13.519989013671877,15.789993286132812,3.930007934570313
104,104,2020-06-11,0.11579,-2.5500030517578125,1.0500030517578125,15.590011596679688,-4.4000091552734375,2.2299957275390625,-2.75,-13.519989013671877,15.789993286132812
105,105,2020-06-12,0.2168625,19.5,-2.5500030517578125,1.0500030517578125,15.590011596679688,-4.4000091552734375,2.2299957275390625,-2.75,-13.519989013671877
106,106,2020-06-15,0.1833199999999999,3.5399932861328125,19.5,-2.5500030517578125,1.0500030517578125,15.590011596679688,-4.4000091552734375,2.2299957275390625,-2.75
107,107,2020-06-16,-0.0193,-5.8000030517578125,3.5399932861328125,19.5,-2.5500030517578125,1.0500030517578125,15.590011596679688,-4.4000091552734375,2.2299957275390625
108,108,2020-06-17,-0.09855,4.8100128173828125,-5.8000030517578125,3.5399932861328125,19.5,-2.5500030517578125,1.0500030517578125,15.590011596679688,-4.4000091552734375
109,109,2020-06-18,0.2089,1.9099884033203125,4.8100128173828125,-5.8000030517578125,3.5399932861328125,19.5,-2.5500030517578125,1.0500030517578125,15.590011596679688
110,110,2020-06-19,0.0276,7.790008544921875,1.9099884033203125,4.8100128173828125,-5.8000030517578125,3.5399932861328125,19.5,-2.5500030517578125,1.0500030517578125
111,111,2020-06-22,0.167775,1.5399932861328125,7.790008544921875,1.9099884033203125,4.8100128173828125,-5.8000030517578125,3.5399932861328125,19.5,-2.5500030517578125
112,112,2020-06-23,0.7222500000000001,3.089996337890625,1.5399932861328125,7.790008544921875,1.9099884033203125,4.8100128173828125,-5.8000030517578125,3.5399932861328125,19.5
113,113,2020-06-24,-0.0965708333333332,3.610015869140625,3.089996337890625,1.5399932861328125,7.790008544921875,1.9099884033203125,4.8100128173828125,-5.8000030517578125,3.5399932861328125
114,114,2020-06-25,-0.01647,-2.71002197265625,3.610015869140625,3.089996337890625,1.5399932861328125,7.790008544921875,1.9099884033203125,4.8100128173828125,-5.8000030517578125
115,115,2020-06-26,0.0209,-8.239990234375,-2.71002197265625,3.610015869140625,3.089996337890625,1.5399932861328125,7.790008544921875,1.9099884033203125,4.8100128173828125
116,116,2020-06-29,-0.0793416666666666,4.979995727539063,-8.239990234375,-2.71002197265625,3.610015869140625,3.089996337890625,1.5399932861328125,7.790008544921875,1.9099884033203125
117,117,2020-06-30,0.068825,5.590011596679688,4.979995727539063,-8.239990234375,-2.71002197265625,3.610015869140625,3.089996337890625,1.5399932861328125,7.790008544921875
118,118,2020-07-01,-0.10345,2.6099853515625,5.590011596679688,4.979995727539063,-8.239990234375,-2.71002197265625,3.610015869140625,3.089996337890625,1.5399932861328125
119,119,2020-07-02,0.4271899999999999,-0.739990234375,2.6099853515625,5.590011596679688,4.979995727539063,-8.239990234375,-2.71002197265625,3.610015869140625,3.089996337890625
120,120,2020-07-06,0.1667934065934065,1.100006103515625,-0.739990234375,2.6099853515625,5.590011596679688,4.979995727539063,-8.239990234375,-2.71002197265625,3.610015869140625
121,121,2020-07-07,0.2640133333333333,4.220001220703125,1.100006103515625,-0.739990234375,2.6099853515625,5.590011596679688,4.979995727539063,-8.239990234375,-2.71002197265625
122,122,2020-07-08,0.1074,3.199981689453125,4.220001220703125,1.100006103515625,-0.739990234375,2.6099853515625,5.590011596679688,4.979995727539063,-8.239990234375
123,123,2020-07-09,0.1392545454545454,6.350006103515625,3.199981689453125,4.220001220703125,1.100006103515625,-0.739990234375,2.6099853515625,5.590011596679688,4.979995727539063
124,124,2020-07-10,0.1327499999999999,-15.57000732421875,6.350006103515625,3.199981689453125,4.220001220703125,1.100006103515625,-0.739990234375,2.6099853515625,5.590011596679688
125,125,2020-07-13,0.10995,-0.28997802734375,-15.57000732421875,6.350006103515625,3.199981689453125,4.220001220703125,1.100006103515625,-0.739990234375,2.6099853515625
126,126,2020-07-14,0.317,-3.790008544921875,-0.28997802734375,-15.57000732421875,6.350006103515625,3.199981689453125,4.220001220703125,1.100006103515625,-0.739990234375
127,127,2020-07-15,0.14535,-7.680007934570312,-3.790008544921875,-0.28997802734375,-15.57000732421875,6.350006103515625,3.199981689453125,4.220001220703125,1.100006103515625
128,128,2020-07-16,0.267225,-2.0,-7.680007934570312,-3.790008544921875,-0.28997802734375,-15.57000732421875,6.350006103515625,3.199981689453125,4.220001220703125
129,129,2020-07-17,0.1468124999999999,22.03999328613281,-2.0,-7.680007934570312,-3.790008544921875,-0.28997802734375,-15.57000732421875,6.350006103515625,3.199981689453125
130,130,2020-07-20,0.08834,-8.139984130859375,22.03999328613281,-2.0,-7.680007934570312,-3.790008544921875,-0.28997802734375,-15.57000732421875,6.350006103515625
131,131,2020-07-21,0.242245,0.739990234375,-8.139984130859375,22.03999328613281,-2.0,-7.680007934570312,-3.790008544921875,-0.28997802734375,-15.57000732421875
132,132,2020-07-22,0.0904166666666666,-9.67999267578125,0.739990234375,-8.139984130859375,22.03999328613281,-2.0,-7.680007934570312,-3.790008544921875,-0.28997802734375
133,133,2020-07-23,-0.1863,-4.94000244140625,-9.67999267578125,0.739990234375,-8.139984130859375,22.03999328613281,-2.0,-7.680007934570312,-3.790008544921875
134,134,2020-07-24,-0.0031,5.7700042724609375,-4.94000244140625,-9.67999267578125,0.739990234375,-8.139984130859375,22.03999328613281,-2.0,-7.680007934570312
135,135,2020-07-27,0.19747,-0.1500091552734375,5.7700042724609375,-4.94000244140625,-9.67999267578125,0.739990234375,-8.139984130859375,22.03999328613281,-2.0
136,136,2020-07-28,0.24265,0.2100067138671875,-0.1500091552734375,5.7700042724609375,-4.94000244140625,-9.67999267578125,0.739990234375,-8.139984130859375,22.03999328613281
137,137,2020-07-29,0.0951499999999999,-2.389999389648437,0.2100067138671875,-0.1500091552734375,5.7700042724609375,-4.94000244140625,-9.67999267578125,0.739990234375,-8.139984130859375
138,138,2020-07-30,-0.1363416666666666,3.910003662109375,-2.389999389648437,0.2100067138671875,-0.1500091552734375,5.7700042724609375,-4.94000244140625,-9.67999267578125,0.739990234375
139,139,2020-07-31,-0.0362199999999999,14.089996337890623,3.910003662109375,-2.389999389648437,0.2100067138671875,-0.1500091552734375,5.7700042724609375,-4.94000244140625,-9.67999267578125
140,140,2020-08-03,0.09813,-0.660003662109375,14.089996337890623,3.910003662109375,-2.389999389648437,0.2100067138671875,-0.1500091552734375,5.7700042724609375,-4.94000244140625
141,141,2020-08-04,0.13605,5.55999755859375,-0.660003662109375,14.089996337890623,3.910003662109375,-2.389999389648437,0.2100067138671875,-0.1500091552734375,5.7700042724609375
142,142,2020-08-05,0.3755166666666667,-4.649993896484375,5.55999755859375,-0.660003662109375,14.089996337890623,3.910003662109375,-2.389999389648437,0.2100067138671875,-0.1500091552734375
143,143,2020-08-06,-0.09628,-9.519989013671877,-4.649993896484375,5.55999755859375,-0.660003662109375,14.089996337890623,3.910003662109375,-2.389999389648437,0.2100067138671875
144,144,2020-08-07,-0.0697375,-8.730010986328125,-9.519989013671877,-4.649993896484375,5.55999755859375,-0.660003662109375,14.089996337890623,3.910003662109375,-2.389999389648437
145,145,2020-08-10,0.0953833333333333,-18.960006713867188,-8.730010986328125,-9.519989013671877,-4.649993896484375,5.55999755859375,-0.660003662109375,14.089996337890623,3.910003662109375
146,146,2020-08-11,-0.060575,5.6800079345703125,-18.960006713867188,-8.730010986328125,-9.519989013671877,-4.649993896484375,5.55999755859375,-0.660003662109375,14.089996337890623
147,147,2020-08-12,0.6152624999999999,10.529998779296877,5.6800079345703125,-18.960006713867188,-8.730010986328125,-9.519989013671877,-4.649993896484375,5.55999755859375,-0.660003662109375
148,148,2020-08-13,0.17483,-2.339996337890625,10.529998779296877,5.6800079345703125,-18.960006713867188,-8.730010986328125,-9.519989013671877,-4.649993896484375,5.55999755859375
149,149,2020-08-14,0.3634,21.239990234375,-2.339996337890625,10.529998779296877,5.6800079345703125,-18.960006713867188,-8.730010986328125,-9.519989013671877,-4.649993896484375
150,150,2020-08-17,0.1298375,10.649993896484377,21.239990234375,-2.339996337890625,10.529998779296877,5.6800079345703125,-18.960006713867188,-8.730010986328125,-9.519989013671877
151,151,2020-08-18,0.2213999999999999,-3.28997802734375,10.649993896484377,21.239990234375,-2.339996337890625,10.529998779296877,5.6800079345703125,-18.960006713867188,-8.730010986328125
152,152,2020-08-19,0.2412,17.17999267578125,-3.28997802734375,10.649993896484377,21.239990234375,-2.339996337890625,10.529998779296877,5.6800079345703125,-18.960006713867188
153,153,2020-08-20,0.30585,-1.010009765625,17.17999267578125,-3.28997802734375,10.649993896484377,21.239990234375,-2.339996337890625,10.529998779296877,5.6800079345703125
154,154,2020-08-21,0.5060625000000001,-7.399993896484375,-1.010009765625,17.17999267578125,-3.28997802734375,10.649993896484377,21.239990234375,-2.339996337890625,10.529998779296877
155,155,2020-08-24,0.208275,8.160003662109375,-7.399993896484375,-1.010009765625,17.17999267578125,-3.28997802734375,10.649993896484377,21.239990234375,-2.339996337890625
156,156,2020-08-25,0.4032208333333333,4.829986572265625,8.160003662109375,-7.399993896484375,-1.010009765625,17.17999267578125,-3.28997802734375,10.649993896484377,21.239990234375
157,157,2020-08-26,0.6566875000000001,-0.589996337890625,4.829986572265625,8.160003662109375,-7.399993896484375,-1.010009765625,17.17999267578125,-3.28997802734375,10.649993896484377
158,158,2020-08-27,0.618375,4.589996337890625,-0.589996337890625,4.829986572265625,8.160003662109375,-7.399993896484375,-1.010009765625,17.17999267578125,-3.28997802734375
159,159,2020-08-28,0.77385,25.83001708984375,4.589996337890625,-0.589996337890625,4.829986572265625,8.160003662109375,-7.399993896484375,-1.010009765625,17.17999267578125
160,160,2020-08-31,0.4174204545454545,132.58999633789062,25.83001708984375,4.589996337890625,-0.589996337890625,4.829986572265625,8.160003662109375,-7.399993896484375,-1.010009765625
161,161,2020-09-01,0.036277536231884,-34.1300048828125,132.58999633789062,25.83001708984375,4.589996337890625,-0.589996337890625,4.829986572265625,8.160003662109375,-7.399993896484375
162,162,2020-09-02,0.2334517857142856,-42.239990234375,-34.1300048828125,132.58999633789062,25.83001708984375,4.589996337890625,-0.589996337890625,4.829986572265625,8.160003662109375
163,163,2020-09-03,0.00475,-11.42999267578125,-42.239990234375,-34.1300048828125,132.58999633789062,25.83001708984375,4.589996337890625,-0.589996337890625,4.829986572265625
164,164,2020-09-04,0.4525416666666667,-19.010009765625,-11.42999267578125,-42.239990234375,-34.1300048828125,132.58999633789062,25.83001708984375,4.589996337890625,-0.589996337890625
165,165,2020-09-08,0.426705,38.76998901367188,-19.010009765625,-11.42999267578125,-42.239990234375,-34.1300048828125,132.58999633789062,25.83001708984375,4.589996337890625
166,166,2020-09-09,0.0948999999999999,-5.16998291015625,38.76998901367188,-19.010009765625,-11.42999267578125,-42.239990234375,-34.1300048828125,132.58999633789062,25.83001708984375
167,167,2020-09-10,-0.0641249999999999,-1.480010986328125,-5.16998291015625,38.76998901367188,-19.010009765625,-11.42999267578125,-42.239990234375,-34.1300048828125,132.58999633789062
168,168,2020-09-11,0.32675,20.510009765625,-1.480010986328125,-5.16998291015625,38.76998901367188,-19.010009765625,-11.42999267578125,-42.239990234375,-34.1300048828125
169,169,2020-09-14,0.194575,7.42999267578125,20.510009765625,-1.480010986328125,-5.16998291015625,38.76998901367188,-19.010009765625,-11.42999267578125,-42.239990234375
170,170,2020-09-15,0.5610625,-2.769989013671875,7.42999267578125,20.510009765625,-1.480010986328125,-5.16998291015625,38.76998901367188,-19.010009765625,-11.42999267578125
171,171,2020-09-16,0.099025,4.954986572265625,-2.769989013671875,7.42999267578125,20.510009765625,-1.480010986328125,-5.16998291015625,38.76998901367188,-19.010009765625
172,172,2020-09-17,0.2519566666666666,25.605010986328125,4.954986572265625,-2.769989013671875,7.42999267578125,20.510009765625,-1.480010986328125,-5.16998291015625,38.76998901367188
173,173,2020-09-18,-0.0700875,29.739990234375,25.605010986328125,4.954986572265625,-2.769989013671875,7.42999267578125,20.510009765625,-1.480010986328125,-5.16998291015625
174,174,2020-09-21,-0.17414,24.1300048828125,29.739990234375,25.605010986328125,4.954986572265625,-2.769989013671875,7.42999267578125,20.510009765625,-1.480010986328125
175,175,2020-09-22,0.304825,7.92999267578125,24.1300048828125,29.739990234375,25.605010986328125,4.954986572265625,-2.769989013671875,7.42999267578125,20.510009765625
176,176,2020-09-23,0.2047833333333332,-35.54998779296875,7.92999267578125,24.1300048828125,29.739990234375,25.605010986328125,4.954986572265625,-2.769989013671875,7.42999267578125
177,177,2020-09-24,0.49305,31.519989013671875,-35.54998779296875,7.92999267578125,24.1300048828125,29.739990234375,25.605010986328125,4.954986572265625,-2.769989013671875
178,178,2020-09-25,-0.05765,-8.839996337890625,31.519989013671875,-35.54998779296875,7.92999267578125,24.1300048828125,29.739990234375,25.605010986328125,4.954986572265625
179,179,2020-09-28,0.3130999999999999,-22.16000366210937,-8.839996337890625,31.519989013671875,-35.54998779296875,7.92999267578125,24.1300048828125,29.739990234375,25.605010986328125
180,180,2020-09-29,0.1814777777777776,4.6099853515625,-22.16000366210937,-8.839996337890625,31.519989013671875,-35.54998779296875,7.92999267578125,24.1300048828125,29.739990234375
181,181,2020-09-30,0.4017708333333333,12.8800048828125,4.6099853515625,-22.16000366210937,-8.839996337890625,31.519989013671875,-35.54998779296875,7.92999267578125,24.1300048828125
182,182,2020-10-01,0.1710124999999999,-0.759979248046875,12.8800048828125,4.6099853515625,-22.16000366210937,-8.839996337890625,31.519989013671875,-35.54998779296875,7.92999267578125
183,183,2020-10-02,0.317575,3.139984130859375,-0.759979248046875,12.8800048828125,4.6099853515625,-22.16000366210937,-8.839996337890625,31.519989013671875,-35.54998779296875
184,184,2020-10-05,0.8177166666666666,-7.1199951171875,3.139984130859375,-0.759979248046875,12.8800048828125,4.6099853515625,-22.16000366210937,-8.839996337890625,31.519989013671875
185,185,2020-10-06,0.27157,2.3599853515625,-7.1199951171875,3.139984130859375,-0.759979248046875,12.8800048828125,4.6099853515625,-22.16000366210937,-8.839996337890625
186,186,2020-10-07,0.3566291666666666,-2.05999755859375,2.3599853515625,-7.1199951171875,3.139984130859375,-0.759979248046875,12.8800048828125,4.6099853515625,-22.16000366210937
187,187,2020-10-08,0.2706599999999999,13.860015869140623,-2.05999755859375,2.3599853515625,-7.1199951171875,3.139984130859375,-0.759979248046875,12.8800048828125,4.6099853515625
188,188,2020-10-09,0.1764,-0.8699951171875,13.860015869140623,-2.05999755859375,2.3599853515625,-7.1199951171875,3.139984130859375,-0.759979248046875,12.8800048828125
189,189,2020-10-12,-0.111125,27.249969482421875,-0.8699951171875,13.860015869140623,-2.05999755859375,2.3599853515625,-7.1199951171875,3.139984130859375,-0.759979248046875
190,190,2020-10-13,0.356775,-9.53997802734375,27.249969482421875,-0.8699951171875,13.860015869140623,-2.05999755859375,2.3599853515625,-7.1199951171875,3.139984130859375
191,191,2020-10-14,0.1293864583333333,27.1500244140625,-9.53997802734375,27.249969482421875,-0.8699951171875,13.860015869140623,-2.05999755859375,2.3599853515625,-7.1199951171875
192,192,2020-10-15,0.19654125,22.5999755859375,27.1500244140625,-9.53997802734375,27.249969482421875,-0.8699951171875,13.860015869140623,-2.05999755859375,2.3599853515625
193,193,2020-10-16,0.6622625,9.34002685546875,22.5999755859375,27.1500244140625,-9.53997802734375,27.249969482421875,-0.8699951171875,13.860015869140623,-2.05999755859375
194,194,2020-10-19,0.1938958333333332,-31.32000732421875,9.34002685546875,22.5999755859375,27.1500244140625,-9.53997802734375,27.249969482421875,-0.8699951171875,13.860015869140623
195,195,2020-10-20,0.2011791666666666,-23.83001708984375,-31.32000732421875,9.34002685546875,22.5999755859375,27.1500244140625,-9.53997802734375,27.249969482421875,-0.8699951171875
196,196,2020-10-21,0.0647999999999999,7.3499755859375,-23.83001708984375,-31.32000732421875,9.34002685546875,22.5999755859375,27.1500244140625,-9.53997802734375,27.249969482421875
197,197,2020-10-22,0.2440083333333333,-9.019989013671877,7.3499755859375,-23.83001708984375,-31.32000732421875,9.34002685546875,22.5999755859375,27.1500244140625,-9.53997802734375
198,198,2020-10-23,0.2267166666666666,6.269989013671875,-9.019989013671877,7.3499755859375,-23.83001708984375,-31.32000732421875,9.34002685546875,22.5999755859375,27.1500244140625
199,199,2020-10-26,0.3386533333333332,21.20001220703125,6.269989013671875,-9.019989013671877,7.3499755859375,-23.83001708984375,-31.32000732421875,9.34002685546875,22.5999755859375
200,200,2020-10-27,0.3402458333333333,-22.97998046875,21.20001220703125,6.269989013671875,-9.019989013671877,7.3499755859375,-23.83001708984375,-31.32000732421875,9.34002685546875
201,201,2020-10-28,0.2471,-26.33001708984375,-22.97998046875,21.20001220703125,6.269989013671875,-9.019989013671877,7.3499755859375,-23.83001708984375,-31.32000732421875
202,202,2020-10-29,-0.0115999999999999,-28.769989013671875,-26.33001708984375,-22.97998046875,21.20001220703125,6.269989013671875,-9.019989013671877,7.3499755859375,-23.83001708984375
203,203,2020-10-30,0.074,-7.910003662109375,-28.769989013671875,-26.33001708984375,-22.97998046875,21.20001220703125,6.269989013671875,-9.019989013671877,7.3499755859375
204,204,2020-11-02,0.26094,-1.489990234375,-7.910003662109375,-28.769989013671875,-26.33001708984375,-22.97998046875,21.20001220703125,6.269989013671875,-9.019989013671877
205,205,2020-11-03,0.436975,32.19000244140625,-1.489990234375,-7.910003662109375,-28.769989013671875,-26.33001708984375,-22.97998046875,21.20001220703125,6.269989013671875
206,206,2020-11-04,0.4902666666666667,13.029998779296877,32.19000244140625,-1.489990234375,-7.910003662109375,-28.769989013671875,-26.33001708984375,-22.97998046875,21.20001220703125
207,207,2020-11-05,0.0517,3.379974365234375,13.029998779296877,32.19000244140625,-1.489990234375,-7.910003662109375,-28.769989013671875,-26.33001708984375,-22.97998046875
208,208,2020-11-06,0.155275,-86.8699951171875,3.379974365234375,13.029998779296877,32.19000244140625,-1.489990234375,-7.910003662109375,-28.769989013671875,-26.33001708984375
209,209,2020-11-09,0.2381503164556961,-37.22998046875,-86.8699951171875,3.379974365234375,13.029998779296877,32.19000244140625,-1.489990234375,-7.910003662109375,-28.769989013671875
210,210,2020-11-10,0.1853759036144578,37.329986572265625,-37.22998046875,-86.8699951171875,3.379974365234375,13.029998779296877,32.19000244140625,-1.489990234375,-7.910003662109375
211,211,2020-11-11,0.1628971830985915,15.300018310546877,37.329986572265625,-37.22998046875,-86.8699951171875,3.379974365234375,13.029998779296877,32.19000244140625,-1.489990234375
212,212,2020-11-12,0.31894,-25.060028076171875,15.300018310546877,37.329986572265625,-37.22998046875,-86.8699951171875,3.379974365234375,13.029998779296877,32.19000244140625
213,213,2020-11-13,0.3637,-4.42999267578125,-25.060028076171875,15.300018310546877,37.329986572265625,-37.22998046875,-86.8699951171875,3.379974365234375,13.029998779296877
214,214,2020-11-16,0.2562875,2.480010986328125,-4.42999267578125,-25.060028076171875,15.300018310546877,37.329986572265625,-37.22998046875,-86.8699951171875,3.379974365234375
215,215,2020-11-17,-0.313325,13.410003662109377,2.480010986328125,-4.42999267578125,-25.060028076171875,15.300018310546877,37.329986572265625,-37.22998046875,-86.8699951171875
216,216,2020-11-18,-0.12055,-0.75,13.410003662109377,2.480010986328125,-4.42999267578125,-25.060028076171875,15.300018310546877,37.329986572265625,-37.22998046875
217,217,2020-11-19,0.3480624999999999,25.30999755859375,-0.75,13.410003662109377,2.480010986328125,-4.42999267578125,-25.060028076171875,15.300018310546877,37.329986572265625
218,218,2020-11-20,0.0319833333333333,-9.32000732421875,25.30999755859375,-0.75,13.410003662109377,2.480010986328125,-4.42999267578125,-25.060028076171875,15.300018310546877
219,219,2020-11-23,-0.071925,-2.730010986328125,-9.32000732421875,25.30999755859375,-0.75,13.410003662109377,2.480010986328125,-4.42999267578125,-25.060028076171875
220,220,2020-11-24,0.1935,16.170013427734375,-2.730010986328125,-9.32000732421875,25.30999755859375,-0.75,13.410003662109377,2.480010986328125,-4.42999267578125
221,221,2020-11-25,0.2260958333333333,27.88998413085937,16.170013427734375,-2.730010986328125,-9.32000732421875,25.30999755859375,-0.75,13.410003662109377,2.480010986328125
222,222,2020-11-27,0.3934666666666667,6.75,27.88998413085937,16.170013427734375,-2.730010986328125,-9.32000732421875,25.30999755859375,-0.75,13.410003662109377
223,223,2020-11-30,0.3405318181818181,-72.04998779296875,6.75,27.88998413085937,16.170013427734375,-2.730010986328125,-9.32000732421875,25.30999755859375,-0.75
224,224,2020-12-01,0.4232722222222222,6.54998779296875,-72.04998779296875,6.75,27.88998413085937,16.170013427734375,-2.730010986328125,-9.32000732421875,25.30999755859375
225,225,2020-12-02,0.1901583333333333,0.680023193359375,6.54998779296875,-72.04998779296875,6.75,27.88998413085937,16.170013427734375,-2.730010986328125,-9.32000732421875
226,226,2020-12-03,0.5509,-3.529998779296875,0.680023193359375,6.54998779296875,-72.04998779296875,6.75,27.88998413085937,16.170013427734375,-2.730010986328125
227,227,2020-12-04,0.5814166666666667,-2.160003662109375,-3.529998779296875,0.680023193359375,6.54998779296875,-72.04998779296875,6.75,27.88998413085937,16.170013427734375
228,228,2020-12-07,0.1967999999999999,4.149993896484375,-2.160003662109375,-3.529998779296875,0.680023193359375,6.54998779296875,-72.04998779296875,6.75,27.88998413085937
229,229,2020-12-08,0.33673,-26.6400146484375,4.149993896484375,-2.160003662109375,-3.529998779296875,0.680023193359375,6.54998779296875,-72.04998779296875,6.75
230,230,2020-12-09,0.1201383333333333,12.600006103515623,-26.6400146484375,4.149993896484375,-2.160003662109375,-3.529998779296875,0.680023193359375,6.54998779296875,-72.04998779296875
231,231,2020-12-10,0.2281499999999999,-0.949981689453125,12.600006103515623,-26.6400146484375,4.149993896484375,-2.160003662109375,-3.529998779296875,0.680023193359375,6.54998779296875
232,232,2020-12-11,0.4074,-1.02001953125,-0.949981689453125,12.600006103515623,-26.6400146484375,4.149993896484375,-2.160003662109375,-3.529998779296875,0.680023193359375
233,233,2020-12-14,0.2260541666666667,3.44000244140625,-1.02001953125,-0.949981689453125,12.600006103515623,-26.6400146484375,4.149993896484375,-2.160003662109375,-3.529998779296875
234,234,2020-12-15,0.203966049382716,4.57000732421875,3.44000244140625,-1.02001953125,-0.949981689453125,12.600006103515623,-26.6400146484375,4.149993896484375,-2.160003662109375
235,235,2020-12-16,0.212575,-2.3800048828125,4.57000732421875,3.44000244140625,-1.02001953125,-0.949981689453125,12.600006103515623,-26.6400146484375,4.149993896484375
236,236,2020-12-17,0.3673833333333334,4.3900146484375,-2.3800048828125,4.57000732421875,3.44000244140625,-1.02001953125,-0.949981689453125,12.600006103515623,-26.6400146484375
237,237,2020-12-18,0.3019299999999999,2.959991455078125,4.3900146484375,-2.3800048828125,4.57000732421875,3.44000244140625,-1.02001953125,-0.949981689453125,12.600006103515623
238,238,2020-12-21,-0.07002,0.029998779296875,2.959991455078125,4.3900146484375,-2.3800048828125,4.57000732421875,3.44000244140625,-1.02001953125,-0.949981689453125
239,239,2020-12-22,0.3218333333333333,-25.1199951171875,0.029998779296875,2.959991455078125,4.3900146484375,-2.3800048828125,4.57000732421875,3.44000244140625,-1.02001953125
240,240,2020-12-23,-0.0940625,-8.709991455078125,-25.1199951171875,0.029998779296875,2.959991455078125,4.3900146484375,-2.3800048828125,4.57000732421875,3.44000244140625
241,241,2020-12-24,-0.0666666666666666,-23.779998779296875,-8.709991455078125,-25.1199951171875,0.029998779296875,2.959991455078125,4.3900146484375,-2.3800048828125,4.57000732421875
242,242,2020-12-28,0.2895833333333333,2.3599853515625,-23.779998779296875,-8.709991455078125,-25.1199951171875,0.029998779296875,2.959991455078125,4.3900146484375,-2.3800048828125
243,243,2020-12-29,0.105375,-0.350006103515625,2.3599853515625,-23.779998779296875,-8.709991455078125,-25.1199951171875,0.029998779296875,2.959991455078125,4.3900146484375
244,244,2020-12-30,0.209975,-16.079986572265625,-0.350006103515625,2.3599853515625,-23.779998779296875,-8.709991455078125,-25.1199951171875,0.029998779296875,2.959991455078125
245,245,2020-12-31,-0.0443833333333333,22.66000366210937,-16.079986572265625,-0.350006103515625,2.3599853515625,-23.779998779296875,-8.709991455078125,-25.1199951171875,0.029998779296875
246,246,2021-01-04,0.1824874999999999,0.8499755859375,22.66000366210937,-16.079986572265625,-0.350006103515625,2.3599853515625,-23.779998779296875,-8.709991455078125,-25.1199951171875
247,247,2021-01-05,0.25745,-16.41998291015625,0.8499755859375,22.66000366210937,-16.079986572265625,-0.350006103515625,2.3599853515625,-23.779998779296875,-8.709991455078125
248,248,2021-01-06,-0.115625,-1.910003662109375,-16.41998291015625,0.8499755859375,22.66000366210937,-16.079986572265625,-0.350006103515625,2.3599853515625,-23.779998779296875
249,249,2021-01-07,0.3435083333333333,7.1099853515625,-1.910003662109375,-16.41998291015625,0.8499755859375,22.66000366210937,-16.079986572265625,-0.350006103515625,2.3599853515625
250,250,2021-01-08,0.5248999999999999,-11.899993896484377,7.1099853515625,-1.910003662109375,-16.41998291015625,0.8499755859375,22.66000366210937,-16.079986572265625,-0.350006103515625
251,251,2021-01-11,-0.2703166666666666,19.100006103515625,-11.899993896484377,7.1099853515625,-1.910003662109375,-16.41998291015625,0.8499755859375,22.66000366210937,-16.079986572265625
252,252,2021-01-12,0.153465,7.82000732421875,19.100006103515625,-11.899993896484377,7.1099853515625,-1.910003662109375,-16.41998291015625,0.8499755859375,22.66000366210937
253,253,2021-01-13,0.1300374999999999,18.6099853515625,7.82000732421875,19.100006103515625,-11.899993896484377,7.1099853515625,-1.910003662109375,-16.41998291015625,0.8499755859375
254,254,2021-01-14,0.142975,1.290008544921875,18.6099853515625,7.82000732421875,19.100006103515625,-11.899993896484377,7.1099853515625,-1.910003662109375,-16.41998291015625
255,255,2021-01-15,-0.1059249999999999,9.339996337890623,1.290008544921875,18.6099853515625,7.82000732421875,19.100006103515625,-11.899993896484377,7.1099853515625,-1.910003662109375
256,256,2021-01-19,0.3814749999999999,-11.07000732421875,9.339996337890623,1.290008544921875,18.6099853515625,7.82000732421875,19.100006103515625,-11.899993896484377,7.1099853515625
257,257,2021-01-20,0.4266999999999999,0.010009765625,-11.07000732421875,9.339996337890623,1.290008544921875,18.6099853515625,7.82000732421875,19.100006103515625,-11.899993896484377
258,258,2021-01-21,0.1652166666666666,0.589996337890625,0.010009765625,-11.07000732421875,9.339996337890623,1.290008544921875,18.6099853515625,7.82000732421875,19.100006103515625
259,259,2021-01-22,0.2413999999999999,8.42999267578125,0.589996337890625,0.010009765625,-11.07000732421875,9.339996337890623,1.290008544921875,18.6099853515625,7.82000732421875
260,260,2021-01-25,0.1102964285714285,-17.439971923828125,8.42999267578125,0.589996337890625,0.010009765625,-11.07000732421875,9.339996337890623,1.290008544921875,18.6099853515625
261,261,2021-01-26,0.0556571428571428,-3.6500244140625,-17.439971923828125,8.42999267578125,0.589996337890625,0.010009765625,-11.07000732421875,9.339996337890623,1.290008544921875
262,262,2021-01-27,0.1682265625,7.850006103515625,-3.6500244140625,-17.439971923828125,8.42999267578125,0.589996337890625,0.010009765625,-11.07000732421875,9.339996337890623
263,263,2021-01-28,-0.2673333333333333,-6.519989013671875,7.850006103515625,-3.6500244140625,-17.439971923828125,8.42999267578125,0.589996337890625,0.010009765625,-11.07000732421875
264,264,2021-01-29,0.3592,9.8599853515625,-6.519989013671875,7.850006103515625,-3.6500244140625,-17.439971923828125,8.42999267578125,0.589996337890625,0.010009765625
265,265,2021-02-01,0.3640099999999999,9.910003662109377,9.8599853515625,-6.519989013671875,7.850006103515625,-3.6500244140625,-17.439971923828125,8.42999267578125,0.589996337890625
266,266,2021-02-02,-0.0908166666666666,-11.3699951171875,9.910003662109377,9.8599853515625,-6.519989013671875,7.850006103515625,-3.6500244140625,-17.439971923828125,8.42999267578125
267,267,2021-02-03,-0.2295499999999999,9.510009765625,-11.3699951171875,9.910003662109377,9.8599853515625,-6.519989013671875,7.850006103515625,-3.6500244140625,-17.439971923828125
268,268,2021-02-04,0.18255,29.6099853515625,9.510009765625,-11.3699951171875,9.910003662109377,9.8599853515625,-6.519989013671875,7.850006103515625,-3.6500244140625
269,269,2021-02-05,0.303775,-8.779998779296875,29.6099853515625,9.510009765625,-11.3699951171875,9.910003662109377,9.8599853515625,-6.519989013671875,7.850006103515625
270,270,2021-02-08,0.0162999999999999,19.220001220703125,-8.779998779296875,29.6099853515625,9.510009765625,-11.3699951171875,9.910003662109377,9.8599853515625,-6.519989013671875
271,271,2021-02-09,-0.037325,0.970001220703125,19.220001220703125,-8.779998779296875,29.6099853515625,9.510009765625,-11.3699951171875,9.910003662109377,9.8599853515625
272,272,2021-02-10,0.1556333333333333,1.769989013671875,0.970001220703125,19.220001220703125,-8.779998779296875,29.6099853515625,9.510009765625,-11.3699951171875,9.910003662109377
273,273,2021-02-11,0.1461349999999999,0.339996337890625,1.769989013671875,0.970001220703125,19.220001220703125,-8.779998779296875,29.6099853515625,9.510009765625,-11.3699951171875
274,274,2021-02-12,0.33882,11.4000244140625,0.339996337890625,1.769989013671875,0.970001220703125,19.220001220703125,-8.779998779296875,29.6099853515625,9.510009765625
275,275,2021-02-16,0.28335,-15.089996337890623,11.4000244140625,0.339996337890625,1.769989013671875,0.970001220703125,19.220001220703125,-8.779998779296875,29.6099853515625
276,276,2021-02-17,0.051525,-11.510009765625,-15.089996337890623,11.4000244140625,0.339996337890625,1.769989013671875,0.970001220703125,19.220001220703125,-8.779998779296875
277,277,2021-02-18,0.21883,-0.649993896484375,-11.510009765625,-15.089996337890623,11.4000244140625,0.339996337890625,1.769989013671875,0.970001220703125,19.220001220703125
278,278,2021-02-19,0.6809,-22.92001342773437,-0.649993896484375,-11.510009765625,-15.089996337890623,11.4000244140625,0.339996337890625,1.769989013671875,0.970001220703125
279,279,2021-02-22,0.0506125,-6.17999267578125,-22.92001342773437,-0.649993896484375,-11.510009765625,-15.089996337890623,11.4000244140625,0.339996337890625,1.769989013671875
280,280,2021-02-23,0.147525,-2.92999267578125,-6.17999267578125,-22.92001342773437,-0.649993896484375,-11.510009765625,-15.089996337890623,11.4000244140625,0.339996337890625
281,281,2021-02-24,0.00895,-20.5,-2.92999267578125,-6.17999267578125,-22.92001342773437,-0.649993896484375,-11.510009765625,-15.089996337890623,11.4000244140625
282,282,2021-02-25,0.17547,8.879974365234375,-20.5,-2.92999267578125,-6.17999267578125,-22.92001342773437,-0.649993896484375,-11.510009765625,-15.089996337890623
283,283,2021-02-26,0.102475,36.05001831054688,8.879974365234375,-20.5,-2.92999267578125,-6.17999267578125,-22.92001342773437,-0.649993896484375,-11.510009765625
284,284,2021-03-01,0.1658437931034482,-36.8699951171875,36.05001831054688,8.879974365234375,-20.5,-2.92999267578125,-6.17999267578125,-22.92001342773437,-0.649993896484375
285,285,2021-03-02,0.1945440476190476,-31.220001220703125,-36.8699951171875,36.05001831054688,8.879974365234375,-20.5,-2.92999267578125,-6.17999267578125,-22.92001342773437
286,286,2021-03-03,0.1122916666666666,1.519989013671875,-31.220001220703125,-36.8699951171875,36.05001831054688,8.879974365234375,-20.5,-2.92999267578125,-6.17999267578125
287,287,2021-03-04,0.1587666666666666,-5.660003662109375,1.519989013671875,-31.220001220703125,-36.8699951171875,36.05001831054688,8.879974365234375,-20.5,-2.92999267578125
288,288,2021-03-05,0.22081,-26.5,-5.660003662109375,1.519989013671875,-31.220001220703125,-36.8699951171875,36.05001831054688,8.879974365234375,-20.5
289,289,2021-03-08,0.08263,31.17999267578125,-26.5,-5.660003662109375,1.519989013671875,-31.220001220703125,-36.8699951171875,36.05001831054688,8.879974365234375
290,290,2021-03-09,0.3632499999999999,-6.079986572265625,31.17999267578125,-26.5,-5.660003662109375,1.519989013671875,-31.220001220703125,-36.8699951171875,36.05001831054688
291,291,2021-03-10,0.2277599999999999,19.1400146484375,-6.079986572265625,31.17999267578125,-26.5,-5.660003662109375,1.519989013671875,-31.220001220703125,-36.8699951171875
292,292,2021-03-11,0.296,-8.779998779296875,19.1400146484375,-6.079986572265625,31.17999267578125,-26.5,-5.660003662109375,1.519989013671875,-31.220001220703125
293,293,2021-03-12,0.1841374999999999,3.6099853515625,-8.779998779296875,19.1400146484375,-6.079986572265625,31.17999267578125,-26.5,-5.660003662109375,1.519989013671875
294,294,2021-03-15,0.17642,-14.920013427734377,3.6099853515625,-8.779998779296875,19.1400146484375,-6.079986572265625,31.17999267578125,-26.5,-5.660003662109375
295,295,2021-03-16,-0.235525,1.57000732421875,-14.920013427734377,3.6099853515625,-8.779998779296875,19.1400146484375,-6.079986572265625,31.17999267578125,-26.5
296,296,2021-03-17,-0.13286,-20.329986572265625,1.57000732421875,-14.920013427734377,3.6099853515625,-8.779998779296875,19.1400146484375,-6.079986572265625,31.17999267578125
297,297,2021-03-18,0.111545,9.94000244140625,-20.329986572265625,1.57000732421875,-14.920013427734377,3.6099853515625,-8.779998779296875,19.1400146484375,-6.079986572265625
298,298,2021-03-19,0.194775,2.239990234375,9.94000244140625,-20.329986572265625,1.57000732421875,-14.920013427734377,3.6099853515625,-8.779998779296875,19.1400146484375
299,299,2021-03-22,0.3944475,11.260009765625,2.239990234375,9.94000244140625,-20.329986572265625,1.57000732421875,-14.920013427734377,3.6099853515625,-8.779998779296875
300,300,2021-03-23,0.0048999999999999,-24.800018310546875,11.260009765625,2.239990234375,9.94000244140625,-20.329986572265625,1.57000732421875,-14.920013427734377,3.6099853515625
301,301,2021-03-24,0.0703,-0.1099853515625,-24.800018310546875,11.260009765625,2.239990234375,9.94000244140625,-20.329986572265625,1.57000732421875,-14.920013427734377
302,302,2021-03-25,0.1002020833333334,5.100006103515625,-0.1099853515625,-24.800018310546875,11.260009765625,2.239990234375,9.94000244140625,-20.329986572265625,1.57000732421875
303,303,2021-03-26,0.2234095238095237,-11.55999755859375,5.100006103515625,-0.1099853515625,-24.800018310546875,11.260009765625,2.239990234375,9.94000244140625,-20.329986572265625
304,304,2021-03-29,0.3328900000000001,4.79998779296875,-11.55999755859375,5.100006103515625,-0.1099853515625,-24.800018310546875,11.260009765625,2.239990234375,9.94000244140625
305,305,2021-03-30,0.46525,8.100006103515625,4.79998779296875,-11.55999755859375,5.100006103515625,-0.1099853515625,-24.800018310546875,11.260009765625,2.239990234375
306,306,2021-03-31,0.105075,4.94000244140625,8.100006103515625,4.79998779296875,-11.55999755859375,5.100006103515625,-0.1099853515625,-24.800018310546875,11.260009765625
307,307,2021-04-01,0.6607000000000001,-2.27001953125,4.94000244140625,8.100006103515625,4.79998779296875,-11.55999755859375,5.100006103515625,-0.1099853515625,-24.800018310546875
308,308,2021-04-05,0.3062,5.83001708984375,-2.27001953125,4.94000244140625,8.100006103515625,4.79998779296875,-11.55999755859375,5.100006103515625,-0.1099853515625
309,309,2021-04-06,0.1708999999999999,-6.71002197265625,5.83001708984375,-2.27001953125,4.94000244140625,8.100006103515625,4.79998779296875,-11.55999755859375,5.100006103515625
310,310,2021-04-07,0.0701553571428571,8.20001220703125,-6.71002197265625,5.83001708984375,-2.27001953125,4.94000244140625,8.100006103515625,4.79998779296875,-11.55999755859375
311,311,2021-04-08,-0.0616749999999999,-8.6300048828125,8.20001220703125,-6.71002197265625,5.83001708984375,-2.27001953125,4.94000244140625,8.100006103515625,4.79998779296875
312,312,2021-04-09,0.0810799999999999,-1.139984130859375,-8.6300048828125,8.20001220703125,-6.71002197265625,5.83001708984375,-2.27001953125,4.94000244140625,8.100006103515625
313,313,2021-04-12,0.0,21.239990234375,-1.139984130859375,-8.6300048828125,8.20001220703125,-6.71002197265625,5.83001708984375,-2.27001953125,4.94000244140625
314,314,2021-04-13,0.33575,-13.54998779296875,21.239990234375,-1.139984130859375,-8.6300048828125,8.20001220703125,-6.71002197265625,5.83001708984375,-2.27001953125
315,315,2021-04-14,0.5012,3.17999267578125,-13.54998779296875,21.239990234375,-1.139984130859375,-8.6300048828125,8.20001220703125,-6.71002197265625,5.83001708984375
316,316,2021-04-15,0.0,-2.42999267578125,3.17999267578125,-13.54998779296875,21.239990234375,-1.139984130859375,-8.6300048828125,8.20001220703125,-6.71002197265625
317,317,2021-04-16,0.0821333333333333,-5.620025634765625,-2.42999267578125,3.17999267578125,-13.54998779296875,21.239990234375,-1.139984130859375,-8.6300048828125,8.20001220703125
318,318,2021-04-19,0.0042799999999999,-2.54998779296875,-5.620025634765625,-2.42999267578125,3.17999267578125,-13.54998779296875,21.239990234375,-1.139984130859375,-8.6300048828125
319,319,2021-04-20,0.0881166666666666,0.980010986328125,-2.54998779296875,-5.620025634765625,-2.42999267578125,3.17999267578125,-13.54998779296875,21.239990234375,-1.139984130859375
320,320,2021-04-21,-0.1344733333333332,5.55999755859375,0.980010986328125,-2.54998779296875,-5.620025634765625,-2.42999267578125,3.17999267578125,-13.54998779296875,21.239990234375
321,321,2021-04-22,0.39968,8.55999755859375,5.55999755859375,0.980010986328125,-2.54998779296875,-5.620025634765625,-2.42999267578125,3.17999267578125,-13.54998779296875
322,322,2021-04-23,-0.0209333333333333,-0.459991455078125,8.55999755859375,5.55999755859375,0.980010986328125,-2.54998779296875,-5.620025634765625,-2.42999267578125,3.17999267578125
323,323,2021-04-26,0.0177249999999999,-2.930023193359375,-0.459991455078125,8.55999755859375,5.55999755859375,0.980010986328125,-2.54998779296875,-5.620025634765625,-2.42999267578125
324,324,2021-04-27,0.1620166666666666,-2.239990234375,-2.930023193359375,-0.459991455078125,8.55999755859375,5.55999755859375,0.980010986328125,-2.54998779296875,-5.620025634765625
325,325,2021-04-28,0.1867241379310344,-10.149993896484377,-2.239990234375,-2.930023193359375,-0.459991455078125,8.55999755859375,5.55999755859375,0.980010986328125,-2.54998779296875
326,326,2021-04-29,0.1490416666666666,-1.529998779296875,-10.149993896484377,-2.239990234375,-2.930023193359375,-0.459991455078125,8.55999755859375,5.55999755859375,0.980010986328125
327,327,2021-04-30,0.1099599999999999,-5.649993896484375,-1.529998779296875,-10.149993896484377,-2.239990234375,-2.930023193359375,-0.459991455078125,8.55999755859375,5.55999755859375
328,328,2021-05-03,0.16028,-9.07000732421875,-5.649993896484375,-1.529998779296875,-10.149993896484377,-2.239990234375,-2.930023193359375,-0.459991455078125,8.55999755859375
329,329,2021-05-04,0.03635,-7.260009765625,-9.07000732421875,-5.649993896484375,-1.529998779296875,-10.149993896484377,-2.239990234375,-2.930023193359375,-0.459991455078125
330,330,2021-05-05,-0.0309708333333333,-4.540008544921875,-7.260009765625,-9.07000732421875,-5.649993896484375,-1.529998779296875,-10.149993896484377,-2.239990234375,-2.930023193359375
331,331,2021-05-06,0.0787147058823529,2.19000244140625,-4.540008544921875,-7.260009765625,-9.07000732421875,-5.649993896484375,-1.529998779296875,-10.149993896484377,-2.239990234375
332,332,2021-05-07,0.2239416666666666,-6.75,2.19000244140625,-4.540008544921875,-7.260009765625,-9.07000732421875,-5.649993896484375,-1.529998779296875,-10.149993896484377
333,333,2021-05-11,0.0481499999999999,-10.54998779296875,-6.75,2.19000244140625,-4.540008544921875,-7.260009765625,-9.07000732421875,-5.649993896484375,-1.529998779296875
334,334,2021-05-12,0.171475,0.459991455078125,-10.54998779296875,-6.75,2.19000244140625,-4.540008544921875,-7.260009765625,-9.07000732421875,-5.649993896484375
335,335,2021-05-13,0.0933642857142857,17.730010986328125,0.459991455078125,-10.54998779296875,-6.75,2.19000244140625,-4.540008544921875,-7.260009765625,-9.07000732421875
336,336,2021-05-14,0.1351599999999999,1.03997802734375,17.730010986328125,0.459991455078125,-10.54998779296875,-6.75,2.19000244140625,-4.540008544921875,-7.260009765625
337,337,2021-05-17,0.1257942786069651,3.92999267578125,1.03997802734375,17.730010986328125,0.459991455078125,-10.54998779296875,-6.75,2.19000244140625,-4.540008544921875
338,338,2021-05-18,-0.1843033333333332,-2.399993896484375,3.92999267578125,1.03997802734375,17.730010986328125,0.459991455078125,-10.54998779296875,-6.75,2.19000244140625
339,339,2021-05-19,0.248075,14.25,-2.399993896484375,3.92999267578125,1.03997802734375,17.730010986328125,0.459991455078125,-10.54998779296875,-6.75
340,340,2021-05-20,0.1894093073593073,-8.30999755859375,14.25,-2.399993896484375,3.92999267578125,1.03997802734375,17.730010986328125,0.459991455078125,-10.54998779296875
341,341,2021-05-21,0.2390319607843137,5.160003662109375,-8.30999755859375,14.25,-2.399993896484375,3.92999267578125,1.03997802734375,17.730010986328125,0.459991455078125
342,342,2021-05-24,-0.0716875,-0.279998779296875,5.160003662109375,-8.30999755859375,14.25,-2.399993896484375,3.92999267578125,1.03997802734375,17.730010986328125
343,343,2021-05-25,0.039775,4.769989013671875,-0.279998779296875,5.160003662109375,-8.30999755859375,14.25,-2.399993896484375,3.92999267578125,1.03997802734375
344,344,2021-05-26,0.1277333333333333,0.3800048828125,4.769989013671875,-0.279998779296875,5.160003662109375,-8.30999755859375,14.25,-2.399993896484375,3.92999267578125
345,345,2021-05-27,0.1619249999999999,5.100006103515625,0.3800048828125,4.769989013671875,-0.279998779296875,5.160003662109375,-8.30999755859375,14.25,-2.399993896484375
346,346,2021-05-28,0.1936690476190476,-3.80999755859375,5.100006103515625,0.3800048828125,4.769989013671875,-0.279998779296875,5.160003662109375,-8.30999755859375,14.25
347,347,2021-06-01,0.1848003124999999,-0.610015869140625,-3.80999755859375,5.100006103515625,0.3800048828125,4.769989013671875,-0.279998779296875,5.160003662109375,-8.30999755859375
348,348,2021-06-02,0.3212486111111111,-8.0999755859375,-0.610015869140625,-3.80999755859375,5.100006103515625,0.3800048828125,4.769989013671875,-0.279998779296875,5.160003662109375
349,349,2021-06-03,0.3443875,16.989990234375,-8.0999755859375,-0.610015869140625,-3.80999755859375,5.100006103515625,0.3800048828125,4.769989013671875,-0.279998779296875
350,350,2021-06-04,-0.0026958333333333,6.660003662109375,16.989990234375,-8.0999755859375,-0.610015869140625,-3.80999755859375,5.100006103515625,0.3800048828125,4.769989013671875
351,351,2021-06-07,0.1670249999999999,-1.399993896484375,6.660003662109375,16.989990234375,-8.0999755859375,-0.610015869140625,-3.80999755859375,5.100006103515625,0.3800048828125
352,352,2021-06-08,0.39475,-7.6300048828125,-1.399993896484375,6.660003662109375,16.989990234375,-8.0999755859375,-0.610015869140625,-3.80999755859375,5.100006103515625
353,353,2021-06-09,-0.0747729166666666,12.8699951171875,-7.6300048828125,-1.399993896484375,6.660003662109375,16.989990234375,-8.0999755859375,-0.610015869140625,-3.80999755859375
354,354,2021-06-10,0.1739875,19.89999389648437,12.8699951171875,-7.6300048828125,-1.399993896484375,6.660003662109375,16.989990234375,-8.0999755859375,-0.610015869140625
355,355,2021-06-11,0.1651208333333333,-0.489990234375,19.89999389648437,12.8699951171875,-7.6300048828125,-1.399993896484375,6.660003662109375,16.989990234375,-8.0999755859375
356,356,2021-06-14,0.09215,-6.910003662109375,-0.489990234375,19.89999389648437,12.8699951171875,-7.6300048828125,-1.399993896484375,6.660003662109375,16.989990234375
357,357,2021-06-15,0.5497200000000001,2.829986572265625,-6.910003662109375,-0.489990234375,19.89999389648437,12.8699951171875,-7.6300048828125,-1.399993896484375,6.660003662109375
358,358,2021-06-16,0.1397999999999999,11.120025634765623,2.829986572265625,-6.910003662109375,-0.489990234375,19.89999389648437,12.8699951171875,-7.6300048828125,-1.399993896484375
359,359,2021-06-17,0.0697333333333332,1.28997802734375,11.120025634765623,2.829986572265625,-6.910003662109375,-0.489990234375,19.89999389648437,12.8699951171875,-7.6300048828125
360,360,2021-06-18,0.8223499999999999,-4.989990234375,1.28997802734375,11.120025634765623,2.829986572265625,-6.910003662109375,-0.489990234375,19.89999389648437,12.8699951171875
361,361,2021-06-21,0.28558,5.399993896484375,-4.989990234375,1.28997802734375,11.120025634765623,2.829986572265625,-6.910003662109375,-0.489990234375,19.89999389648437
362,362,2021-06-22,0.0719528571428571,2.27001953125,5.399993896484375,-4.989990234375,1.28997802734375,11.120025634765623,2.829986572265625,-6.910003662109375,-0.489990234375
363,363,2021-06-23,0.3000416666666666,-3.52001953125,2.27001953125,5.399993896484375,-4.989990234375,1.28997802734375,11.120025634765623,2.829986572265625,-6.910003662109375
364,364,2021-06-24,0.0921041666666667,-0.92999267578125,-3.52001953125,2.27001953125,5.399993896484375,-4.989990234375,1.28997802734375,11.120025634765623,2.829986572265625
365,365,2021-06-25,0.3813333333333333,16.389984130859375,-0.92999267578125,-3.52001953125,2.27001953125,5.399993896484375,-4.989990234375,1.28997802734375,11.120025634765623
366,366,2021-06-28,0.1382430555555555,5.870025634765625,16.389984130859375,-0.92999267578125,-3.52001953125,2.27001953125,5.399993896484375,-4.989990234375,1.28997802734375
367,367,2021-06-29,0.0296874999999999,-7.70001220703125,5.870025634765625,16.389984130859375,-0.92999267578125,-3.52001953125,2.27001953125,5.399993896484375,-4.989990234375
368,368,2021-06-30,0.1241966666666667,-0.54998779296875,-7.70001220703125,5.870025634765625,16.389984130859375,-0.92999267578125,-3.52001953125,2.27001953125,5.399993896484375
369,369,2021-07-01,0.1682499999999999,2.410003662109375,-0.54998779296875,-7.70001220703125,5.870025634765625,16.389984130859375,-0.92999267578125,-3.52001953125,2.27001953125
370,370,2021-07-02,0.1869124999999999,12.22998046875,2.410003662109375,-0.54998779296875,-7.70001220703125,5.870025634765625,16.389984130859375,-0.92999267578125,-3.52001953125
371,371,2021-07-06,0.2639874999999999,-7.209991455078125,12.22998046875,2.410003662109375,-0.54998779296875,-7.70001220703125,5.870025634765625,16.389984130859375,-0.92999267578125
372,372,2021-07-07,0.2626966666666667,-7.899993896484375,-7.209991455078125,12.22998046875,2.410003662109375,-0.54998779296875,-7.70001220703125,5.870025634765625,16.389984130859375
373,373,2021-07-08,0.294755,-0.930023193359375,-7.899993896484375,-7.209991455078125,12.22998046875,2.410003662109375,-0.54998779296875,-7.70001220703125,5.870025634765625
374,374,2021-07-09,0.1473833333333333,-5.959991455078125,-0.930023193359375,-7.899993896484375,-7.209991455078125,12.22998046875,2.410003662109375,-0.54998779296875,-7.70001220703125
375,375,2021-07-12,0.2335175,-0.72998046875,-5.959991455078125,-0.930023193359375,-7.899993896484375,-7.209991455078125,12.22998046875,2.410003662109375,-0.54998779296875
376,376,2021-07-13,0.2390555555555555,-17.780029296875,-0.72998046875,-5.959991455078125,-0.930023193359375,-7.899993896484375,-7.209991455078125,12.22998046875,2.410003662109375
377,377,2021-07-14,0.1492333333333333,-3.79998779296875,-17.780029296875,-0.72998046875,-5.959991455078125,-0.930023193359375,-7.899993896484375,-7.209991455078125,12.22998046875
378,378,2021-07-15,0.1886374999999999,5.160003662109375,-3.79998779296875,-17.780029296875,-0.72998046875,-5.959991455078125,-0.930023193359375,-7.899993896484375,-7.209991455078125
379,379,2021-07-16,0.298975,-7.769989013671875,5.160003662109375,-3.79998779296875,-17.780029296875,-0.72998046875,-5.959991455078125,-0.930023193359375,-7.899993896484375
380,380,2021-07-19,0.2014715447154471,1.6099853515625,-7.769989013671875,5.160003662109375,-3.79998779296875,-17.780029296875,-0.72998046875,-5.959991455078125,-0.930023193359375
381,381,2021-07-20,0.2083999999999999,-2.839996337890625,1.6099853515625,-7.769989013671875,5.160003662109375,-3.79998779296875,-17.780029296875,-0.72998046875,-5.959991455078125
382,382,2021-07-21,0.3211875,8.420013427734375,-2.839996337890625,1.6099853515625,-7.769989013671875,5.160003662109375,-3.79998779296875,-17.780029296875,-0.72998046875
383,383,2021-07-22,0.130355,-2.160003662109375,8.420013427734375,-2.839996337890625,1.6099853515625,-7.769989013671875,5.160003662109375,-3.79998779296875,-17.780029296875
384,384,2021-07-23,0.0988444444444443,13.910003662109377,-2.160003662109375,8.420013427734375,-2.839996337890625,1.6099853515625,-7.769989013671875,5.160003662109375,-3.79998779296875
385,385,2021-07-26,0.3590142857142857,-5.600006103515625,13.910003662109377,-2.160003662109375,8.420013427734375,-2.839996337890625,1.6099853515625,-7.769989013671875,5.160003662109375
386,386,2021-07-27,0.3491099999999999,1.949981689453125,-5.600006103515625,13.910003662109377,-2.160003662109375,8.420013427734375,-2.839996337890625,1.6099853515625,-7.769989013671875
387,387,2021-07-28,0.236215,16.529998779296875,1.949981689453125,-5.600006103515625,13.910003662109377,-2.160003662109375,8.420013427734375,-2.839996337890625,1.6099853515625
388,388,2021-07-29,0.2251333333333333,-7.91998291015625,16.529998779296875,1.949981689453125,-5.600006103515625,13.910003662109377,-2.160003662109375,8.420013427734375,-2.839996337890625
389,389,2021-07-30,0.1302614285714285,0.8599853515625,-7.91998291015625,16.529998779296875,1.949981689453125,-5.600006103515625,13.910003662109377,-2.160003662109375,8.420013427734375
390,390,2021-08-02,0.2437499999999999,-4.079986572265625,0.8599853515625,-7.91998291015625,16.529998779296875,1.949981689453125,-5.600006103515625,13.910003662109377,-2.160003662109375
391,391,2021-08-03,0.1476599999999999,25.699981689453125,-4.079986572265625,0.8599853515625,-7.91998291015625,16.529998779296875,1.949981689453125,-5.600006103515625,13.910003662109377
392,392,2021-08-04,0.268825,-1.899993896484375,25.699981689453125,-4.079986572265625,0.8599853515625,-7.91998291015625,16.529998779296875,1.949981689453125,-5.600006103515625
393,393,2021-08-05,0.1547666666666666,-15.209991455078123,-1.899993896484375,25.699981689453125,-4.079986572265625,0.8599853515625,-7.91998291015625,16.529998779296875,1.949981689453125
394,394,2021-08-06,0.1798874999999999,-0.1300048828125,-15.209991455078123,-1.899993896484375,25.699981689453125,-4.079986572265625,0.8599853515625,-7.91998291015625,16.529998779296875
395,395,2021-08-09,0.0877833333333333,-10.790008544921877,-0.1300048828125,-15.209991455078123,-1.899993896484375,25.699981689453125,-4.079986572265625,0.8599853515625,-7.91998291015625
396,396,2021-08-10,0.0512166666666667,-13.989990234375,-10.790008544921877,-0.1300048828125,-15.209991455078123,-1.899993896484375,25.699981689453125,-4.079986572265625,0.8599853515625
397,397,2021-08-11,0.4417374999999999,4.29998779296875,-13.989990234375,-10.790008544921877,-0.1300048828125,-15.209991455078123,-1.899993896484375,25.699981689453125,-4.079986572265625
398,398,2021-08-12,0.2016666666666666,-7.6199951171875,4.29998779296875,-13.989990234375,-10.790008544921877,-0.1300048828125,-15.209991455078123,-1.899993896484375,25.699981689453125
399,399,2021-08-13,0.5992875,-6.829986572265625,-7.6199951171875,4.29998779296875,-13.989990234375,-10.790008544921877,-0.1300048828125,-15.209991455078123,-1.899993896484375
400,400,2021-08-16,0.18357,-2.8699951171875,-6.829986572265625,-7.6199951171875,4.29998779296875,-13.989990234375,-10.790008544921877,-0.1300048828125,-15.209991455078123
401,401,2021-08-17,0.2288339285714285,-4.610015869140625,-2.8699951171875,-6.829986572265625,-7.6199951171875,4.29998779296875,-13.989990234375,-10.790008544921877,-0.1300048828125
402,402,2021-08-18,0.6963,-8.54998779296875,-4.610015869140625,-2.8699951171875,-6.829986572265625,-7.6199951171875,4.29998779296875,-13.989990234375,-10.790008544921877
403,403,2021-08-19,0.290135,4.47998046875,-8.54998779296875,-4.610015869140625,-2.8699951171875,-6.829986572265625,-7.6199951171875,4.29998779296875,-13.989990234375
404,404,2021-08-20,0.0734,4.44000244140625,4.47998046875,-8.54998779296875,-4.610015869140625,-2.8699951171875,-6.829986572265625,-7.6199951171875,4.29998779296875
405,405,2021-08-23,0.05680625,-1.04998779296875,4.44000244140625,4.47998046875,-8.54998779296875,-4.610015869140625,-2.8699951171875,-6.829986572265625,-7.6199951171875
406,406,2021-08-24,-0.074,-2.510009765625,-1.04998779296875,4.44000244140625,4.47998046875,-8.54998779296875,-4.610015869140625,-2.8699951171875,-6.829986572265625
407,407,2021-08-25,-0.0548374999999999,2.8900146484375,-2.510009765625,-1.04998779296875,4.44000244140625,4.47998046875,-8.54998779296875,-4.610015869140625,-2.8699951171875
408,408,2021-08-26,0.1031633333333333,0.17999267578125,2.8900146484375,-2.510009765625,-1.04998779296875,4.44000244140625,4.47998046875,-8.54998779296875,-4.610015869140625
409,409,2021-08-27,0.1616749999999999,6.69000244140625,0.17999267578125,2.8900146484375,-2.510009765625,-1.04998779296875,4.44000244140625,4.47998046875,-8.54998779296875
410,410,2021-08-30,0.2334956140350876,-58.0,6.69000244140625,0.17999267578125,2.8900146484375,-2.510009765625,-1.04998779296875,4.44000244140625,4.47998046875
411,411,2021-08-31,0.404795895522388,1.3599853515625,-58.0,6.69000244140625,0.17999267578125,2.8900146484375,-2.510009765625,-1.04998779296875,4.44000244140625
412,412,2021-09-01,-0.0361916666666666,4.230010986328125,1.3599853515625,-58.0,6.69000244140625,0.17999267578125,2.8900146484375,-2.510009765625,-1.04998779296875
413,413,2021-09-02,0.1796546195652173,3.20001220703125,4.230010986328125,1.3599853515625,-58.0,6.69000244140625,0.17999267578125,2.8900146484375,-2.510009765625
414,414,2021-09-03,0.1066499999999999,1.66998291015625,3.20001220703125,4.230010986328125,1.3599853515625,-58.0,6.69000244140625,0.17999267578125,2.8900146484375
415,415,2021-09-07,0.0827049999999999,-6.3599853515625,1.66998291015625,3.20001220703125,4.230010986328125,1.3599853515625,-58.0,6.69000244140625,0.17999267578125
416,416,2021-09-08,0.2286611111111111,2.259979248046875,-6.3599853515625,1.66998291015625,3.20001220703125,4.230010986328125,1.3599853515625,-58.0,6.69000244140625
417,417,2021-09-09,0.0777916666666666,5.6400146484375,2.259979248046875,-6.3599853515625,1.66998291015625,3.20001220703125,4.230010986328125,1.3599853515625,-58.0
418,418,2021-09-10,-0.02451875,-11.260009765625,5.6400146484375,2.259979248046875,-6.3599853515625,1.66998291015625,3.20001220703125,4.230010986328125,1.3599853515625
419,419,2021-09-13,0.1435097916666666,-8.79998779296875,-11.260009765625,5.6400146484375,2.259979248046875,-6.3599853515625,1.66998291015625,3.20001220703125,4.230010986328125
420,420,2021-09-14,-0.126525,-2.32000732421875,-8.79998779296875,-11.260009765625,5.6400146484375,2.259979248046875,-6.3599853515625,1.66998291015625,3.20001220703125
421,421,2021-09-15,0.1522649999999999,-0.899993896484375,-2.32000732421875,-8.79998779296875,-11.260009765625,5.6400146484375,2.259979248046875,-6.3599853515625,1.66998291015625
422,422,2021-09-16,0.1653371428571428,9.459991455078123,-0.899993896484375,-2.32000732421875,-8.79998779296875,-11.260009765625,5.6400146484375,2.259979248046875,-6.3599853515625
423,423,2021-09-17,0.2224999999999999,-7.009979248046875,9.459991455078123,-0.899993896484375,-2.32000732421875,-8.79998779296875,-11.260009765625,5.6400146484375,2.259979248046875
424,424,2021-09-20,0.2827,-2.430023193359375,-7.009979248046875,9.459991455078123,-0.899993896484375,-2.32000732421875,-8.79998779296875,-11.260009765625,5.6400146484375
425,425,2021-09-21,0.0299586538461538,-0.28997802734375,-2.430023193359375,-7.009979248046875,9.459991455078123,-0.899993896484375,-2.32000732421875,-8.79998779296875,-11.260009765625
426,426,2021-09-22,-0.01322,-1.760009765625,-0.28997802734375,-2.430023193359375,-7.009979248046875,9.459991455078123,-0.899993896484375,-2.32000732421875,-8.79998779296875
427,427,2021-09-23,-0.107215,-3.83001708984375,-1.760009765625,-0.28997802734375,-2.430023193359375,-7.009979248046875,9.459991455078123,-0.899993896484375,-2.32000732421875
428,428,2021-09-24,0.0484166666666666,0.52001953125,-3.83001708984375,-1.760009765625,-0.28997802734375,-2.430023193359375,-7.009979248046875,9.459991455078123,-0.899993896484375
429,429,2021-09-27,-0.0999874999999999,-10.989990234375,0.52001953125,-3.83001708984375,-1.760009765625,-0.28997802734375,-2.430023193359375,-7.009979248046875,9.459991455078123
430,430,2021-09-28,0.1391933333333333,-4.480010986328125,-10.989990234375,0.52001953125,-3.83001708984375,-1.760009765625,-0.28997802734375,-2.430023193359375,-7.009979248046875
431,431,2021-09-29,-0.05025,4.089996337890625,-4.480010986328125,-10.989990234375,0.52001953125,-3.83001708984375,-1.760009765625,-0.28997802734375,-2.430023193359375
432,432,2021-09-30,0.0378613636363636,6.010009765625,4.089996337890625,-4.480010986328125,-10.989990234375,0.52001953125,-3.83001708984375,-1.760009765625,-0.28997802734375
433,433,2021-10-01,0.2257388888888888,-7.930023193359375,6.010009765625,4.089996337890625,-4.480010986328125,-10.989990234375,0.52001953125,-3.83001708984375,-1.760009765625
434,434,2021-10-04,0.1329023809523808,-2.459991455078125,-7.930023193359375,6.010009765625,4.089996337890625,-4.480010986328125,-10.989990234375,0.52001953125,-3.83001708984375
435,435,2021-10-05,0.08363,-3.470001220703125,-2.459991455078125,-7.930023193359375,6.010009765625,4.089996337890625,-4.480010986328125,-10.989990234375,0.52001953125
436,436,2021-10-06,0.2520999999999999,2.6199951171875,-3.470001220703125,-2.459991455078125,-7.930023193359375,6.010009765625,4.089996337890625,-4.480010986328125,-10.989990234375
437,437,2021-10-07,0.3047916666666666,-1.2199859619140625,2.6199951171875,-3.470001220703125,-2.459991455078125,-7.930023193359375,6.010009765625,4.089996337890625,-4.480010986328125
438,438,2021-10-08,0.08644375,-1.0800018310546875,-1.2199859619140625,2.6199951171875,-3.470001220703125,-2.459991455078125,-7.930023193359375,6.010009765625,4.089996337890625
439,439,2021-10-11,0.1418261904761904,1.5200042724609375,-1.0800018310546875,-1.2199859619140625,2.6199951171875,-3.470001220703125,-2.459991455078125,-7.930023193359375,6.010009765625
440,440,2021-10-12,0.4014999999999999,10.749984741210938,1.5200042724609375,-1.0800018310546875,-1.2199859619140625,2.6199951171875,-3.470001220703125,-2.459991455078125,-7.930023193359375
441,441,2021-10-13,0.2151033333333332,0.77001953125,10.749984741210938,1.5200042724609375,-1.0800018310546875,-1.2199859619140625,2.6199951171875,-3.470001220703125,-2.459991455078125
442,442,2021-10-14,0.1368499999999999,-0.69000244140625,0.77001953125,10.749984741210938,1.5200042724609375,-1.0800018310546875,-1.2199859619140625,2.6199951171875,-3.470001220703125
443,443,2021-10-15,0.0564375,7.910003662109375,-0.69000244140625,0.77001953125,10.749984741210938,1.5200042724609375,-1.0800018310546875,-1.2199859619140625,2.6199951171875
444,444,2021-10-18,0.1457458333333333,2.16998291015625,7.910003662109375,-0.69000244140625,0.77001953125,10.749984741210938,1.5200042724609375,-1.0800018310546875,-1.2199859619140625
445,445,2021-10-19,0.2016291666666666,-0.69000244140625,2.16998291015625,7.910003662109375,-0.69000244140625,0.77001953125,10.749984741210938,1.5200042724609375,-1.0800018310546875
446,446,2021-10-20,0.1075416666666666,-0.92999267578125,-0.69000244140625,2.16998291015625,7.910003662109375,-0.69000244140625,0.77001953125,10.749984741210938,1.5200042724609375
447,447,2021-10-21,0.2772775,2.79998779296875,-0.92999267578125,-0.69000244140625,2.16998291015625,7.910003662109375,-0.69000244140625,0.77001953125,10.749984741210938
448,448,2021-10-22,0.1514299999999999,2.21002197265625,2.79998779296875,-0.92999267578125,-0.69000244140625,2.16998291015625,7.910003662109375,-0.69000244140625,0.77001953125
449,449,2021-10-25,0.1762291666666666,-1.089996337890625,2.21002197265625,2.79998779296875,-0.92999267578125,-0.69000244140625,2.16998291015625,7.910003662109375,-0.69000244140625
450,450,2021-10-26,0.2267266666666666,-5.8900146484375,-1.089996337890625,2.21002197265625,2.79998779296875,-0.92999267578125,-0.69000244140625,2.16998291015625,7.910003662109375
451,451,2021-10-27,-0.03945,3.769989013671875,-5.8900146484375,-1.089996337890625,2.21002197265625,2.79998779296875,-0.92999267578125,-0.69000244140625,2.16998291015625
452,452,2021-10-28,0.1613599999999999,-1.92999267578125,3.769989013671875,-5.8900146484375,-1.089996337890625,2.21002197265625,2.79998779296875,-0.92999267578125,-0.69000244140625
453,453,2021-10-29,0.2435428571428571,4.290008544921875,-1.92999267578125,3.769989013671875,-5.8900146484375,-1.089996337890625,2.21002197265625,2.79998779296875,-0.92999267578125
454,454,2021-11-01,0.2053627272727272,1.350006103515625,4.290008544921875,-1.92999267578125,3.769989013671875,-5.8900146484375,-1.089996337890625,2.21002197265625,2.79998779296875
455,455,2021-11-02,0.105375,5.3699951171875,1.350006103515625,4.290008544921875,-1.92999267578125,3.769989013671875,-5.8900146484375,-1.089996337890625,2.21002197265625
456,456,2021-11-03,0.3318125,-3.459991455078125,5.3699951171875,1.350006103515625,4.290008544921875,-1.92999267578125,3.769989013671875,-5.8900146484375,-1.089996337890625
457,457,2021-11-04,0.05135,-17.5,-3.459991455078125,5.3699951171875,1.350006103515625,4.290008544921875,-1.92999267578125,3.769989013671875,-5.8900146484375
458,458,2021-11-05,0.2512,-4.800018310546875,-17.5,-3.459991455078125,5.3699951171875,1.350006103515625,4.290008544921875,-1.92999267578125,3.769989013671875
459,459,2021-11-08,-0.0037449999999999,-1.5,-4.800018310546875,-17.5,-3.459991455078125,5.3699951171875,1.350006103515625,4.290008544921875,-1.92999267578125
460,460,2021-11-09,0.338875,-7.1399993896484375,-1.5,-4.800018310546875,-17.5,-3.459991455078125,5.3699951171875,1.350006103515625,4.290008544921875
461,461,2021-11-10,0.2339999999999999,-3.659988403320313,-7.1399993896484375,-1.5,-4.800018310546875,-17.5,-3.459991455078125,5.3699951171875,1.350006103515625
462,462,2021-11-11,0.0870458333333333,7.3699951171875,-3.659988403320313,-7.1399993896484375,-1.5,-4.800018310546875,-17.5,-3.459991455078125,5.3699951171875
463,463,2021-11-12,0.1467541666666666,8.739990234375,7.3699951171875,-3.659988403320313,-7.1399993896484375,-1.5,-4.800018310546875,-17.5,-3.459991455078125
464,464,2021-11-15,0.1643749999999999,0.779998779296875,8.739990234375,7.3699951171875,-3.659988403320313,-7.1399993896484375,-1.5,-4.800018310546875,-17.5
465,465,2021-11-16,0.0752699999999999,-0.779998779296875,0.779998779296875,8.739990234375,7.3699951171875,-3.659988403320313,-7.1399993896484375,-1.5,-4.800018310546875
466,466,2021-11-17,0.1551,-7.959991455078125,-0.779998779296875,0.779998779296875,8.739990234375,7.3699951171875,-3.659988403320313,-7.1399993896484375,-1.5
467,467,2021-11-18,0.1046766666666667,-4.449996948242188,-7.959991455078125,-0.779998779296875,0.779998779296875,8.739990234375,7.3699951171875,-3.659988403320313,-7.1399993896484375
468,468,2021-11-19,-0.0339775,-9.020004272460938,-4.449996948242188,-7.959991455078125,-0.779998779296875,0.779998779296875,8.739990234375,7.3699951171875,-3.659988403320313
469,469,2021-11-22,0.2724444444444444,-35.63999938964844,-9.020004272460938,-4.449996948242188,-7.959991455078125,-0.779998779296875,0.779998779296875,8.739990234375,7.3699951171875
470,470,2021-11-23,0.3661880952380952,1.660003662109375,-35.63999938964844,-9.020004272460938,-4.449996948242188,-7.959991455078125,-0.779998779296875,0.779998779296875,8.739990234375
471,471,2021-11-24,0.2956567307692307,11.910003662109377,1.660003662109375,-35.63999938964844,-9.020004272460938,-4.449996948242188,-7.959991455078125,-0.779998779296875,0.779998779296875
472,472,2021-11-26,0.0152840909090909,-1.230010986328125,11.910003662109377,1.660003662109375,-35.63999938964844,-9.020004272460938,-4.449996948242188,-7.959991455078125,-0.779998779296875
473,473,2021-11-29,0.1409345454545454,-7.569992065429687,-1.230010986328125,11.910003662109377,1.660003662109375,-35.63999938964844,-9.020004272460938,-4.449996948242188,-7.959991455078125
474,474,2021-11-30,-0.0231874999999999,-13.699996948242188,-7.569992065429687,-1.230010986328125,11.910003662109377,1.660003662109375,-35.63999938964844,-9.020004272460938,-4.449996948242188
475,475,2021-12-01,0.0619333333333333,-5.960006713867188,-13.699996948242188,-7.569992065429687,-1.230010986328125,11.910003662109377,1.660003662109375,-35.63999938964844,-9.020004272460938
476,476,2021-12-02,0.0841562499999999,-7.830001831054687,-5.960006713867188,-13.699996948242188,-7.569992065429687,-1.230010986328125,11.910003662109377,1.660003662109375,-35.63999938964844
477,477,2021-12-03,0.08118,1.9199981689453125,-7.830001831054687,-5.960006713867188,-13.699996948242188,-7.569992065429687,-1.230010986328125,11.910003662109377,1.660003662109375
478,478,2021-12-06,-0.0476516666666666,3.220001220703125,1.9199981689453125,-7.830001831054687,-5.960006713867188,-13.699996948242188,-7.569992065429687,-1.230010986328125,11.910003662109377
479,479,2021-12-07,0.0815366666666667,5.8000030517578125,3.220001220703125,1.9199981689453125,-7.830001831054687,-5.960006713867188,-13.699996948242188,-7.569992065429687,-1.230010986328125
480,480,2021-12-08,0.23124,-6.589996337890625,5.8000030517578125,3.220001220703125,1.9199981689453125,-7.830001831054687,-5.960006713867188,-13.699996948242188,-7.569992065429687
481,481,2021-12-09,0.1886583333333333,-3.020004272460937,-6.589996337890625,5.8000030517578125,3.220001220703125,1.9199981689453125,-7.830001831054687,-5.960006713867188,-13.699996948242188
482,482,2021-12-10,0.181525,-0.67999267578125,-3.020004272460937,-6.589996337890625,5.8000030517578125,3.220001220703125,1.9199981689453125,-7.830001831054687,-5.960006713867188
483,483,2021-12-13,0.1935199999999999,-2.6300048828125,-0.67999267578125,-3.020004272460937,-6.589996337890625,5.8000030517578125,3.220001220703125,1.9199981689453125,-7.830001831054687
484,484,2021-12-14,0.03788,1.7899932861328125,-2.6300048828125,-0.67999267578125,-3.020004272460937,-6.589996337890625,5.8000030517578125,3.220001220703125,1.9199981689453125
485,485,2021-12-15,0.130325,-1.3300018310546875,1.7899932861328125,-2.6300048828125,-0.67999267578125,-3.020004272460937,-6.589996337890625,5.8000030517578125,3.220001220703125
486,486,2021-12-16,-0.0634211538461538,17.340011596679688,-1.3300018310546875,1.7899932861328125,-2.6300048828125,-0.67999267578125,-3.020004272460937,-6.589996337890625,5.8000030517578125
487,487,2021-12-17,0.2388312499999999,-1.7700042724609375,17.340011596679688,-1.3300018310546875,1.7899932861328125,-2.6300048828125,-0.67999267578125,-3.020004272460937,-6.589996337890625
488,488,2021-12-20,0.1523755555555555,1.4499969482421875,-1.7700042724609375,17.340011596679688,-1.3300018310546875,1.7899932861328125,-2.6300048828125,-0.67999267578125,-3.020004272460937
489,489,2021-12-21,0.0862583333333332,-6.2899932861328125,1.4499969482421875,-1.7700042724609375,17.340011596679688,-1.3300018310546875,1.7899932861328125,-2.6300048828125,-0.67999267578125
490,490,2021-12-22,0.0761083333333333,-1.480010986328125,-6.2899932861328125,1.4499969482421875,-1.7700042724609375,17.340011596679688,-1.3300018310546875,1.7899932861328125,-2.6300048828125
491,491,2021-12-23,0.2160599999999999,-4.209991455078125,-1.480010986328125,-6.2899932861328125,1.4499969482421875,-1.7700042724609375,17.340011596679688,-1.3300018310546875,1.7899932861328125
492,492,2021-12-27,0.4280642857142857,-3.669998168945313,-4.209991455078125,-1.480010986328125,-6.2899932861328125,1.4499969482421875,-1.7700042724609375,17.340011596679688,-1.3300018310546875
493,493,2021-12-28,0.2512041666666667,-1.9600067138671875,-3.669998168945313,-4.209991455078125,-1.480010986328125,-6.2899932861328125,1.4499969482421875,-1.7700042724609375,17.340011596679688
494,494,2021-12-29,0.0424866666666666,8.710006713867188,-1.9600067138671875,-3.669998168945313,-4.209991455078125,-1.480010986328125,-6.2899932861328125,1.4499969482421875,-1.7700042724609375
495,495,2021-12-30,0.4370928571428571,-6.6100006103515625,8.710006713867188,-1.9600067138671875,-3.669998168945313,-4.209991455078125,-1.480010986328125,-6.2899932861328125,1.4499969482421875
496,496,2021-12-31,0.3492249999999999,0.3499908447265625,-6.6100006103515625,8.710006713867188,-1.9600067138671875,-3.669998168945313,-4.209991455078125,-1.480010986328125,-6.2899932861328125
